image_path,part_id,category_id
image_resized/K/000/YM8/02_1.jpg,37714,33
image_resized/K/000/YM8/02_2.jpg,37714,33
image_resized/K/000/YM8/02_3.jpg,37714,33
image_resized/K/001/DVS/01_1.jpg,55344,33
image_resized/K/001/DVS/01_2.jpg,55344,33
image_resized/K/001/DVS/01_3.jpg,55344,33
image_resized/K/001/K02/09_1.jpg,61270,33
image_resized/K/001/K02/09_2.jpg,61270,33
image_resized/K/001/K02/09_3.jpg,61270,33
image_resized/K/001/QB8/04_1.jpg,1276239,33
image_resized/K/001/QB8/04_2.jpg,1276239,33
image_resized/K/001/QB8/04_3.jpg,1276239,33
image_resized/K/001/QB8/04_4.jpg,1276239,33
image_resized/K/001/QB8/04_5.jpg,1276239,33
image_resized/K/001/U4W/01_1.jpg,71838,33
image_resized/K/001/U4W/01_2.jpg,71838,33
image_resized/K/001/U4W/01_3.jpg,71838,33
image_resized/K/001/ZSY/01_1.jpg,78368,33
image_resized/K/001/ZSY/01_2.jpg,78368,33
image_resized/K/001/ZSY/01_3.jpg,78368,33
image_resized/K/001/ZSY/01_4.jpg,78368,33
image_resized/K/001/ZSY/03_1.jpg,78368,33
image_resized/K/001/ZSY/03_2.jpg,78368,33
image_resized/K/001/ZSY/03_3.jpg,78368,33
image_resized/K/002/7RE/01_1.jpg,87564,33
image_resized/K/002/7RE/04_1.jpg,87564,33
image_resized/K/002/7RE/04_2.jpg,87564,33
image_resized/K/002/7RE/04_3.jpg,87564,33
image_resized/K/002/7RE/04_4.jpg,87564,33
image_resized/K/002/9NR/01_1.jpg,89785,33
image_resized/K/002/9NR/01_2.jpg,89785,33
image_resized/K/002/9NR/01_3.jpg,89785,33
image_resized/K/002/9NR/01_4.jpg,89785,33
image_resized/K/002/9NR/01_5.jpg,89785,33
image_resized/K/002/9NR/01_6.jpg,89785,33
image_resized/K/002/9NR/03_1.jpg,89785,33
image_resized/K/002/9NR/03_2.jpg,89785,33
image_resized/K/002/9NR/03_3.jpg,89785,33
image_resized/K/002/9NR/03_4.jpg,89785,33
image_resized/K/002/9NR/03_5.jpg,89785,33
image_resized/K/002/9NR/03_6.jpg,89785,33
image_resized/K/002/9NR/05_1.jpg,89785,33
image_resized/K/002/9NR/05_2.jpg,89785,33
image_resized/K/002/9NR/05_3.jpg,89785,33
image_resized/K/002/DV4/01_1.jpg,94626,33
image_resized/K/002/DV4/01_2.jpg,94626,33
image_resized/K/002/DV4/01_3.jpg,94626,33
image_resized/K/002/J0Q/01_1.jpg,99440,33
image_resized/K/002/J0Q/01_2.jpg,99440,33
image_resized/K/002/J0Q/01_3.jpg,99440,33
image_resized/K/002/J0Q/02_1.jpg,99440,33
image_resized/K/002/J0Q/02_2.jpg,99440,33
image_resized/K/002/J0Q/02_3.jpg,99440,33
image_resized/K/002/MS0/01_1.jpg,103768,33
image_resized/K/002/MS0/01_2.jpg,103768,33
image_resized/K/002/MS0/01_3.jpg,103768,33
image_resized/K/002/MS0/01_4.jpg,103768,33
image_resized/K/002/MS0/01_5.jpg,103768,33
image_resized/K/002/MS0/01_6.jpg,103768,33
image_resized/K/002/R63/03_1.jpg,1276554,33
image_resized/K/002/R63/03_2.jpg,1276554,33
image_resized/K/002/R63/03_3.jpg,1276554,33
image_resized/K/002/R63/03_4.jpg,1276554,33
image_resized/K/002/R63/03_5.jpg,1276554,33
image_resized/K/002/SWL/03_1.jpg,109704,33
image_resized/K/002/SWL/03_2.jpg,109704,33
image_resized/K/002/SWL/03_3.jpg,109704,33
image_resized/K/002/SWL/03_4.jpg,109704,33
image_resized/K/002/SWL/03_5.jpg,109704,33
image_resized/K/003/BDE/01_1.jpg,131084,33
image_resized/K/003/BDE/01_2.jpg,131084,33
image_resized/K/003/BDE/01_3.jpg,131084,33
image_resized/K/003/BDE/02_1.jpg,131084,33
image_resized/K/003/BDE/02_2.jpg,131084,33
image_resized/K/003/BDE/02_3.jpg,131084,33
image_resized/K/003/DHZ/01_1.jpg,133551,33
image_resized/K/003/DHZ/01_2.jpg,133551,33
image_resized/K/003/DHZ/01_3.jpg,133551,33
image_resized/K/003/DHZ/01_4.jpg,133551,33
image_resized/K/003/DHZ/01_5.jpg,133551,33
image_resized/K/003/DHZ/01_6.jpg,133551,33
image_resized/K/003/DHZ/01_7.jpg,133551,33
image_resized/K/003/DHZ/01_8.jpg,133551,33
image_resized/K/003/H1S/01_1.jpg,1235969,33
image_resized/K/003/H1S/01_2.jpg,1235969,33
image_resized/K/003/H1S/01_3.jpg,1235969,33
image_resized/K/003/H1S/02_1.jpg,1235969,33
image_resized/K/003/H1S/02_2.jpg,1235969,33
image_resized/K/003/H1S/02_3.jpg,1235969,33
image_resized/K/003/PBT/02_1.jpg,144901,33
image_resized/K/003/PBT/02_2.jpg,144901,33
image_resized/K/003/PBT/02_3.jpg,144901,33
image_resized/K/003/PBT/02_4.jpg,144901,33
image_resized/K/003/PBT/02_5.jpg,144901,33
image_resized/K/003/PBT/02_6.jpg,144901,33
image_resized/K/004/G22/01_1.jpg,175782,33
image_resized/K/004/G22/01_2.jpg,175782,33
image_resized/K/004/G22/01_3.jpg,175782,33
image_resized/K/004/G22/01_6.jpg,175782,33
image_resized/K/004/G22/01_7.jpg,175782,33
image_resized/K/000/E5V/03_1.jpg,16383,34
image_resized/K/000/R10/0R_1.jpg,1338687,34
image_resized/K/000/R10/0R_2.jpg,1338687,34
image_resized/K/000/R10/0R_3.jpg,1338687,34
image_resized/K/000/R10/0R_6.jpg,1338687,34
image_resized/K/000/RGJ/01_1.jpg,29462,34
image_resized/K/000/RGJ/02_1.jpg,29462,34
image_resized/K/000/RGJ/02_1.jpg,29462,34
image_resized/K/000/RGJ/02_2.jpg,29462,34
image_resized/K/000/RGJ/02_2.jpg,29462,34
image_resized/K/000/RGJ/02_3.jpg,29462,34
image_resized/K/000/RGJ/02_3.jpg,29462,34
image_resized/K/000/RGJ/02_4.jpg,29462,34
image_resized/K/000/RGJ/02_4.jpg,29462,34
image_resized/K/000/RGJ/09_1.jpg,29462,34
image_resized/K/000/RGJ/09_2.jpg,29462,34
image_resized/K/000/RGJ/09_3.jpg,29462,34
image_resized/K/000/RGJ/09_4.jpg,29462,34
image_resized/K/000/YMJ/01_1.jpg,37724,34
image_resized/K/000/YMJ/01_2.jpg,37724,34
image_resized/K/000/YMJ/01_3.jpg,37724,34
image_resized/K/001/1FB/03_1.jpg,40981,34
image_resized/K/001/1FB/03_2.jpg,40981,34
image_resized/K/001/1FB/03_3.jpg,40981,34
image_resized/K/001/377/2E_1.jpg,43017,34
image_resized/K/001/377/2E_2.jpg,43017,34
image_resized/K/001/377/2E_3.jpg,43017,34
image_resized/K/001/377/2E_4.jpg,43017,34
image_resized/K/001/377/2P_1.jpg,43017,34
image_resized/K/001/377/2P_2.jpg,43017,34
image_resized/K/001/377/2P_3.jpg,43017,34
image_resized/K/001/377/2P_4.jpg,43017,34
image_resized/K/001/AZV/02_1.jpg,52015,34
image_resized/K/001/AZV/02_2.jpg,52015,34
image_resized/K/001/AZV/02_3.jpg,52015,34
image_resized/K/001/AZV/02_4.jpg,52015,34
image_resized/K/001/AZV/02_5.jpg,52015,34
image_resized/K/001/AZV/03_1.jpg,52015,34
image_resized/K/001/AZV/03_1.jpg,52015,34
image_resized/K/001/AZV/03_2.jpg,52015,34
image_resized/K/001/AZV/03_2.jpg,52015,34
image_resized/K/001/AZV/03_3.jpg,52015,34
image_resized/K/001/AZV/03_3.jpg,52015,34
image_resized/K/001/AZV/03_4.jpg,52015,34
image_resized/K/001/AZV/03_4.jpg,52015,34
image_resized/K/001/AZV/03_5.jpg,52015,34
image_resized/K/001/AZV/03_5.jpg,52015,34
image_resized/K/001/AZV/04_1.jpg,52015,34
image_resized/K/001/AZV/04_2.jpg,52015,34
image_resized/K/001/AZV/04_3.jpg,52015,34
image_resized/K/001/AZV/04_4.jpg,52015,34
image_resized/K/001/AZV/04_5.jpg,52015,34
image_resized/K/001/BQ9/07_1.jpg,52845,34
image_resized/K/001/BQ9/07_2.jpg,52845,34
image_resized/K/001/BQ9/07_3.jpg,52845,34
image_resized/K/001/BQ9/07_4.jpg,52845,34
image_resized/K/001/BQ9/0E_1.jpg,52845,34
image_resized/K/001/BQ9/0E_2.jpg,52845,34
image_resized/K/001/BQ9/0E_3.jpg,52845,34
image_resized/K/001/BQ9/0E_4.jpg,52845,34
image_resized/K/001/BQ9/0E_5.jpg,52845,34
image_resized/K/001/U2B/01_1.jpg,71751,34
image_resized/K/001/U2B/01_2.jpg,71751,34
image_resized/K/001/U2B/01_3.jpg,71751,34
image_resized/K/001/U2B/03_1.jpg,71751,34
image_resized/K/001/U2B/03_2.jpg,71751,34
image_resized/K/001/Z92/01_1.jpg,77760,34
image_resized/K/001/Z92/01_2.jpg,77760,34
image_resized/K/001/Z92/01_3.jpg,77760,34
image_resized/K/001/Z92/01_4.jpg,77760,34
image_resized/K/001/Z92/01_5.jpg,77760,34
image_resized/K/001/Z92/01_6.jpg,77760,34
image_resized/K/001/Z92/01_7.jpg,77760,34
image_resized/K/002/71H/01_1.jpg,86751,34
image_resized/K/002/71H/01_2.jpg,86751,34
image_resized/K/002/71H/01_3.jpg,86751,34
image_resized/K/002/71H/01_4.jpg,86751,34
image_resized/K/002/72A/01_1.jpg,86778,34
image_resized/K/002/72A/01_2.jpg,86778,34
image_resized/K/002/72A/01_3.jpg,86778,34
image_resized/K/002/72A/01_4.jpg,86778,34
image_resized/K/002/72A/01_5.jpg,86778,34
image_resized/K/002/72A/01_6.jpg,86778,34
image_resized/K/002/72A/03_1.jpg,86778,34
image_resized/K/002/72A/03_2.jpg,86778,34
image_resized/K/002/72A/03_3.jpg,86778,34
image_resized/K/002/F9S/02_1.jpg,96280,34
image_resized/K/002/F9S/02_2.jpg,96280,34
image_resized/K/002/F9S/02_3.jpg,96280,34
image_resized/K/002/F9S/03_1.jpg,96280,34
image_resized/K/002/F9S/03_2.jpg,96280,34
image_resized/K/002/F9S/03_3.jpg,96280,34
image_resized/K/003/3W0/02_1.jpg,122400,34
image_resized/K/003/3W0/02_2.jpg,122400,34
image_resized/K/003/3W0/03_1.jpg,122400,34
image_resized/K/003/3W0/03_2.jpg,122400,34
image_resized/K/004/3WK/03_1.jpg,161723,34
image_resized/K/004/3WK/03_1.jpg,161723,34
image_resized/K/004/3WK/03_2.jpg,161723,34
image_resized/K/004/3WK/03_2.jpg,161723,34
image_resized/K/001/ANS/05_1.jpg,51638,38
image_resized/K/001/ANS/05_2.jpg,51638,38
image_resized/K/001/ANS/05_3.jpg,51638,38
image_resized/K/003/PAN/02_1.jpg,144862,38
image_resized/K/003/PAN/02_2.jpg,144862,38
image_resized/K/003/PAN/02_3.jpg,144862,38
image_resized/K/003/PAN/02_4.jpg,144862,38
image_resized/K/003/PAN/02_5.jpg,144862,38
image_resized/K/003/PAN/02_6.jpg,144862,38
image_resized/K/003/PAN/02_7.jpg,144862,38
image_resized/K/003/PAN/02_8.jpg,144862,38
image_resized/K/003/PAN/02_9.jpg,144862,38
image_resized/K/003/PAN/04_1.jpg,144862,38
image_resized/K/003/PAN/04_2.jpg,144862,38
image_resized/K/003/PAN/04_3.jpg,144862,38
image_resized/K/003/PAN/04_4.jpg,144862,38
image_resized/K/003/PAN/04_5.jpg,144862,38
image_resized/K/003/PAN/05_1.jpg,144862,38
image_resized/K/003/PAN/05_2.jpg,144862,38
image_resized/K/003/PAN/05_3.jpg,144862,38
image_resized/K/003/PAN/05_4.jpg,144862,38
image_resized/K/003/PAN/05_5.jpg,144862,38
image_resized/K/00A/ZJ9/00_1.jpg,431809,38
image_resized/K/00A/ZJ9/00_2.jpg,431809,38
image_resized/K/00A/ZJ9/00_3.jpg,431809,38
image_resized/K/00A/ZJ9/00_4.jpg,431809,38
image_resized/K/00A/C3W/01_1.jpg,407044,38
image_resized/K/00A/C3W/01_2.jpg,407044,38
image_resized/K/00A/C3W/01_3.jpg,407044,38
image_resized/K/00A/TL1/00_1.jpg,424933,38
image_resized/K/00A/TL1/00_2.jpg,424933,38
image_resized/K/00A/TL1/00_3.jpg,424933,38
image_resized/K/00A/C3W/02_1.jpg,407044,38
image_resized/K/00A/C3W/02_2.jpg,407044,38
image_resized/K/00A/C3W/02_3.jpg,407044,38
image_resized/K/00A/K1M/00_1.jpg,415059,38
image_resized/K/00A/K1M/00_2.jpg,415059,38
image_resized/K/00A/K1M/00_3.jpg,415059,38
image_resized/K/00A/K1M/00_4.jpg,415059,38
image_resized/K/00A/K1M/00_5.jpg,415059,38
image_resized/K/009/VWX/04_1.jpg,1308282,38
image_resized/K/009/VWX/04_10.jpg,1308282,38
image_resized/K/009/VWX/04_2.jpg,1308282,38
image_resized/K/009/VWX/04_3.jpg,1308282,38
image_resized/K/009/VWX/04_4.jpg,1308282,38
image_resized/K/009/VWX/04_5.jpg,1308282,38
image_resized/K/009/VWX/04_6.jpg,1308282,38
image_resized/K/009/VWX/04_7.jpg,1308282,38
image_resized/K/009/VWX/04_8.jpg,1308282,38
image_resized/K/009/VWX/04_9.jpg,1308282,38
image_resized/K/00B/KA2/00_1.jpg,454650,38
image_resized/K/00B/KA2/00_2.jpg,454650,38
image_resized/K/00B/KA2/00_3.jpg,454650,38
image_resized/K/00B/KA2/00_4.jpg,454650,38
image_resized/K/00B/KA2/00_5.jpg,454650,38
image_resized/K/00B/KA2/00_6.jpg,454650,38
image_resized/K/00B/58A/01_1.jpg,438406,38
image_resized/K/00B/58A/01_2.jpg,438406,38
image_resized/K/00B/58A/01_3.jpg,438406,38
image_resized/K/00B/58A/01_4.jpg,438406,38
image_resized/K/00F/A9C/00_1.jpg,601438,38
image_resized/K/00F/A9C/00_2.jpg,601438,38
image_resized/K/00F/A9C/00_3.jpg,601438,38
image_resized/K/00F/A9C/00_4.jpg,601438,38
image_resized/K/00F/A9C/00_5.jpg,601438,38
image_resized/K/00E/D8D/00_1.jpg,565569,38
image_resized/K/00E/D8D/00_2.jpg,565569,38
image_resized/K/00E/D8D/00_3.jpg,565569,38
image_resized/K/00E/D8D/00_4.jpg,565569,38
image_resized/K/00E/D8D/00_5.jpg,565569,38
image_resized/K/00D/5W2/00_1.jpg,517754,38
image_resized/K/00D/5W2/00_2.jpg,517754,38
image_resized/K/00D/5W2/00_3.jpg,517754,38
image_resized/K/00D/5W2/00_4.jpg,517754,38
image_resized/K/00D/5W2/00_5.jpg,517754,38
image_resized/K/00F/DQG/00_1.jpg,1422681,38
image_resized/K/00F/DQG/00_2.jpg,1422681,38
image_resized/K/00F/DQG/00_3.jpg,1422681,38
image_resized/K/00F/DQG/00_4.jpg,1422681,38
image_resized/K/00F/DQG/00_5.jpg,1422681,38
image_resized/K/00F/DQG/00_6.jpg,1422681,38
image_resized/K/00E/D8D/01_1.jpg,565569,38
image_resized/K/00E/D8D/01_2.jpg,565569,38
image_resized/K/00E/D8D/01_3.jpg,565569,38
image_resized/K/00E/D8D/01_4.jpg,565569,38
image_resized/K/00L/BL5/00_1.jpg,799481,38
image_resized/K/00L/BL5/00_2.jpg,799481,38
image_resized/K/00L/BL5/00_3.jpg,799481,38
image_resized/K/00L/BL5/00_4.jpg,799481,38
image_resized/K/00L/S4Y/00_1.jpg,816304,38
image_resized/K/00L/S4Y/00_2.jpg,816304,38
image_resized/K/00L/S4Y/00_3.jpg,816304,38
image_resized/K/00L/S4Y/00_4.jpg,816304,38
image_resized/K/00L/S4Y/00_5.jpg,816304,38
image_resized/K/00B/TZF/00_1.jpg,464693,38
image_resized/K/00B/TZF/00_2.jpg,464693,38
image_resized/K/00B/TZF/00_3.jpg,464693,38
image_resized/K/00B/TZF/00_4.jpg,464693,38
image_resized/K/00B/58A/02_1.jpg,438406,38
image_resized/K/00B/58A/02_2.jpg,438406,38
image_resized/K/009/NS6/01_1.jpg,422908,41
image_resized/K/009/NS6/01_2.jpg,422908,41
image_resized/K/009/NS6/01_3.jpg,422908,41
image_resized/K/009/NS6/01_4.jpg,422908,41
image_resized/K/009/NS6/01_5.jpg,422908,41
image_resized/K/00A/075/00_1.jpg,645767,41
image_resized/K/00A/075/00_2.jpg,645767,41
image_resized/K/00A/075/00_3.jpg,645767,41
image_resized/K/00A/075/01_1.jpg,393283,41
image_resized/K/00A/075/01_2.jpg,393283,41
image_resized/K/00A/075/01_3.jpg,393283,41
image_resized/K/00B/E4U/00_1.jpg,544971,41
image_resized/K/00B/E4U/00_2.jpg,544971,41
image_resized/K/00B/E4U/00_3.jpg,544971,41
image_resized/K/00B/E4U/00_4.jpg,544971,41
image_resized/K/00B/E4U/00_5.jpg,544971,41
image_resized/K/00D/MMJ/00_1.jpg,535960,41
image_resized/K/00D/MMJ/00_2.jpg,535960,41
image_resized/K/00D/MMJ/00_3.jpg,535960,41
image_resized/K/00D/MMJ/00_4.jpg,535960,41
image_resized/K/00D/MMJ/01_1.jpg,535960,41
image_resized/K/00D/MMJ/01_2.jpg,535960,41
image_resized/K/00D/MMJ/01_3.jpg,535960,41
image_resized/K/00D/MMJ/01_4.jpg,535960,41
image_resized/K/00D/MMJ/01_5.jpg,535960,41
image_resized/K/00D/MMJ/01_6.jpg,535960,41
image_resized/K/00D/JLU/00_1.jpg,532468,41
image_resized/K/00D/JLU/00_2.jpg,532468,41
image_resized/K/00D/JLU/00_3.jpg,532468,41
image_resized/K/00D/CYE/00_1.jpg,525926,41
image_resized/K/00D/CYE/00_2.jpg,525926,41
image_resized/K/00D/CYE/00_3.jpg,525926,41
image_resized/K/00D/CYE/00_4.jpg,525926,41
image_resized/K/00D/CYE/00_5.jpg,525926,41
image_resized/K/00B/WQR/00_1.jpg,467865,41
image_resized/K/00B/WQR/00_2.jpg,467865,41
image_resized/K/00B/WQR/00_3.jpg,467865,41
image_resized/K/00B/WQR/00_4.jpg,467865,41
image_resized/K/00B/A4F/00_1.jpg,444055,41
image_resized/K/00B/A4F/00_2.jpg,444055,41
image_resized/K/00B/A4F/00_3.jpg,444055,41
image_resized/K/00B/A4F/00_4.jpg,444055,41
image_resized/K/00E/RRJ/00_1.jpg,580024,41
image_resized/K/00E/RRJ/00_2.jpg,580024,41
image_resized/K/00E/RRJ/00_3.jpg,580024,41
image_resized/K/00E/RRJ/00_4.jpg,580024,41
image_resized/K/00F/KJG/00_1.jpg,612152,41
image_resized/K/00F/KJG/00_2.jpg,612152,41
image_resized/K/00F/KJG/00_3.jpg,612152,41
image_resized/K/00F/KJG/00_4.jpg,612152,41
image_resized/K/00F/CBZ/01_1.jpg,603839,41
image_resized/K/00F/CBZ/01_2.jpg,603839,41
image_resized/K/00F/CBZ/01_3.jpg,603839,41
image_resized/K/00F/CBZ/01_4.jpg,603839,41
image_resized/K/00F/CBZ/01_5.jpg,603839,41
image_resized/K/00D/MHJ/00_1.jpg,535824,41
image_resized/K/00D/MHJ/00_2.jpg,535824,41
image_resized/K/00D/MHJ/00_3.jpg,535824,41
image_resized/K/00D/MHJ/00_4.jpg,535824,41
image_resized/K/00D/MHJ/00_5.jpg,535824,41
image_resized/K/00J/VQX/00_1.jpg,741843,41
image_resized/K/00J/VQX/00_2.jpg,741843,41
image_resized/K/00J/VQX/00_3.jpg,741843,41
image_resized/K/00J/VQX/00_4.jpg,741843,41
image_resized/K/00A/RUG/01_1.jpg,422908,41
image_resized/K/00A/RUG/01_2.jpg,422908,41
image_resized/K/00A/RUG/01_3.jpg,422908,41
image_resized/K/00A/RUG/01_4.jpg,422908,41
image_resized/K/00A/RUG/01_5.jpg,422908,41
image_resized/K/003/44R/04_1.jpg,1064969,41
image_resized/K/003/44R/04_2.jpg,1064969,41
image_resized/K/003/44R/04_3.jpg,1064969,41
image_resized/K/00M/E53/00_1.jpg,841741,41
image_resized/K/00M/E53/00_2.jpg,841741,41
image_resized/K/00M/E53/00_3.jpg,841741,41
image_resized/K/00M/E53/00_4.jpg,841741,41
image_resized/K/00M/E53/00_5.jpg,841741,41
image_resized/K/00K/D68/00_1.jpg,762016,41
image_resized/K/00K/D68/00_2.jpg,762016,41
image_resized/K/00K/D68/00_3.jpg,762016,41
image_resized/K/00K/D68/00_4.jpg,762016,41
image_resized/K/00B/880/00_1.jpg,441864,41
image_resized/K/00B/880/00_2.jpg,441864,41
image_resized/K/00B/880/00_3.jpg,441864,41
image_resized/K/00B/880/00_4.jpg,441864,41
image_resized/K/00B/R9C/01_1.jpg,461562,41
image_resized/K/00B/R9C/01_2.jpg,461562,41
image_resized/K/00B/R9C/01_3.jpg,461562,41
image_resized/K/00D/CYE/01_1.jpg,525926,41
image_resized/K/00D/CYE/01_2.jpg,525926,41
image_resized/K/00D/CYE/01_3.jpg,525926,41
image_resized/K/00D/CYE/01_4.jpg,525926,41
image_resized/K/00J/GAQ/01_1.jpg,726332,41
image_resized/K/00J/GAQ/01_1.jpg,726332,41
image_resized/K/00J/GAQ/01_2.jpg,726332,41
image_resized/K/00J/GAQ/01_2.jpg,726332,41
image_resized/K/00J/GAQ/01_3.jpg,726332,41
image_resized/K/00J/GAQ/01_3.jpg,726332,41
image_resized/K/00J/GAQ/01_4.jpg,726332,41
image_resized/K/00J/GAQ/01_4.jpg,726332,41
image_resized/K/001/X65/01_1.jpg,75349,47
image_resized/K/001/X65/01_2.jpg,75349,47
image_resized/K/001/X65/01_3.jpg,75349,47
image_resized/K/000/XA9/0H_1.jpg,36185,47
image_resized/K/000/XA9/0H_2.jpg,36185,47
image_resized/K/000/XA9/0H_3.jpg,36185,47
image_resized/K/000/XA9/0H_4.jpg,36185,47
image_resized/K/000/XLV/03_1.jpg,36545,47
image_resized/K/000/XLV/03_2.jpg,36545,47
image_resized/K/000/XLV/03_3.jpg,36545,47
image_resized/K/000/YM4/04_1.jpg,37710,47
image_resized/K/000/YM4/04_2.jpg,37710,47
image_resized/K/000/YM4/04_3.jpg,37710,47
image_resized/K/001/2GY/0D_1.jpg,42192,47
image_resized/K/001/2GY/0D_2.jpg,42192,47
image_resized/K/001/2GY/0D_3.jpg,42192,47
image_resized/K/001/5H5/06_1.jpg,45667,47
image_resized/K/001/5H5/06_2.jpg,45667,47
image_resized/K/001/5H5/06_3.jpg,45667,47
image_resized/K/001/8UA/05_1.jpg,49514,47
image_resized/K/001/8UA/05_2.jpg,49514,47
image_resized/K/001/8UA/05_3.jpg,49514,47
image_resized/K/001/S5L/02_1.jpg,1234705,47
image_resized/K/001/S5L/02_2.jpg,1234705,47
image_resized/K/001/S5L/02_3.jpg,1234705,47
image_resized/K/001/TNT/02_1.jpg,71291,47
image_resized/K/001/TNT/02_2.jpg,71291,47
image_resized/K/001/TNT/02_3.jpg,71291,47
image_resized/K/001/YPU/07_1.jpg,77106,47
image_resized/K/001/YPU/07_2.jpg,77106,47
image_resized/K/001/YPU/07_3.jpg,77106,47
image_resized/K/002/1CN/02_1.jpg,80194,47
image_resized/K/002/1CN/02_2.jpg,80194,47
image_resized/K/002/1CN/02_3.jpg,80194,47
image_resized/K/002/3UG/02_1.jpg,83044,47
image_resized/K/002/3UG/02_2.jpg,83044,47
image_resized/K/002/3UG/02_3.jpg,83044,47
image_resized/K/002/JLM/02_1.jpg,100117,47
image_resized/K/002/JLM/02_2.jpg,100117,47
image_resized/K/002/JLM/02_3.jpg,100117,47
image_resized/K/002/VTW/07_1.jpg,113080,47
image_resized/K/002/VTW/07_2.jpg,113080,47
image_resized/K/002/VTW/07_3.jpg,113080,47
image_resized/K/002/VTW/07_4.jpg,113080,47
image_resized/K/002/WSP/02_1.jpg,36143,47
image_resized/K/002/XV1/03_1.jpg,115431,47
image_resized/K/002/XV1/03_2.jpg,115431,47
image_resized/K/004/W0T/01_1.jpg,191923,47
image_resized/K/004/W0T/01_2.jpg,191923,47
image_resized/K/004/W0T/01_3.jpg,191923,47
image_resized/K/004/W0T/01_4.jpg,191923,47
image_resized/K/004/W0T/01_5.jpg,191923,47
image_resized/K/004/W0T/01_6.jpg,191923,47
image_resized/K/004/W0T/01_7.jpg,191923,47
image_resized/K/005/0FY/02_1.jpg,197062,47
image_resized/K/005/0FY/02_2.jpg,197062,47
image_resized/K/005/0FY/02_3.jpg,197062,47
image_resized/K/005/0FY/02_4.jpg,197062,47
image_resized/K/005/2VG/01_1.jpg,199834,47
image_resized/K/005/2VG/01_2.jpg,199834,47
image_resized/K/005/2VG/01_3.jpg,199834,47
image_resized/K/005/HA8/01_1.jpg,216520,47
image_resized/K/005/HA8/01_2.jpg,216520,47
image_resized/K/005/HA8/01_3.jpg,216520,47
image_resized/K/005/NJF/02_1.jpg,222579,47
image_resized/K/005/NJF/02_2.jpg,222579,47
image_resized/K/005/NJF/02_3.jpg,222579,47
image_resized/K/006/936/02_1.jpg,246336,47
image_resized/K/006/936/02_2.jpg,246336,47
image_resized/K/006/CXZ/01_1.jpg,250783,47
image_resized/K/006/CXZ/01_2.jpg,250783,47
image_resized/K/006/CXZ/01_3.jpg,250783,47
image_resized/K/006/DWU/01_1.jpg,251900,47
image_resized/K/006/DWU/01_2.jpg,251900,47
image_resized/K/006/DWU/01_3.jpg,251900,47
image_resized/K/006/DWU/01_4.jpg,251900,47
image_resized/K/006/DWU/01_5.jpg,251900,47
image_resized/K/006/E2M/02_1.jpg,660458,47
image_resized/K/006/E2M/02_4.jpg,660458,47
image_resized/K/006/E2M/02_5.jpg,660458,47
image_resized/K/007/1DS/01_1.jpg,276752,47
image_resized/K/007/1DS/01_2.jpg,276752,47
image_resized/K/007/1DS/01_3.jpg,276752,47
image_resized/K/007/1DS/01_4.jpg,276752,47
image_resized/K/007/1DS/02_1.jpg,276752,47
image_resized/K/007/1DS/02_2.jpg,276752,47
image_resized/K/007/1DS/02_3.jpg,276752,47
image_resized/K/007/1DS/02_4.jpg,276752,47
image_resized/K/007/1DS/02_5.jpg,276752,47
image_resized/K/001/583/03_1.jpg,45359,50
image_resized/K/001/583/03_2.jpg,45359,50
image_resized/K/001/583/03_3.jpg,45359,50
image_resized/K/001/583/03_4.jpg,45359,50
image_resized/K/001/583/07_1.jpg,45359,50
image_resized/K/001/583/07_2.jpg,45359,50
image_resized/K/001/583/07_3.jpg,45359,50
image_resized/K/001/583/07_4.jpg,45359,50
image_resized/K/001/58K/02_1.jpg,45375,50
image_resized/K/001/58K/02_2.jpg,45375,50
image_resized/K/001/58K/02_3.jpg,45375,50
image_resized/K/001/58K/02_4.jpg,45375,50
image_resized/K/001/58M/02_1.jpg,45377,50
image_resized/K/001/58M/02_2.jpg,45377,50
image_resized/K/001/58M/02_3.jpg,45377,50
image_resized/K/001/58M/02_4.jpg,45377,50
image_resized/K/001/5VL/02_1.jpg,46090,50
image_resized/K/001/5VL/02_2.jpg,46090,50
image_resized/K/001/5VL/02_3.jpg,46090,50
image_resized/K/004/SEG/01_1.jpg,187764,50
image_resized/K/004/SEG/01_2.jpg,187764,50
image_resized/K/009/1NV/01_1.jpg,355669,50
image_resized/K/009/1NV/01_2.jpg,355669,50
image_resized/K/009/1NV/01_3.jpg,355669,50
image_resized/K/001/583/09_1.jpg,45359,50
image_resized/K/001/583/09_2.jpg,45359,50
image_resized/K/001/583/09_3.jpg,45359,50
image_resized/K/001/583/09_4.jpg,45359,50
image_resized/K/001/583/0B_1.jpg,45359,50
image_resized/K/001/583/0B_2.jpg,45359,50
image_resized/K/001/583/0B_3.jpg,45359,50
image_resized/K/001/583/0B_4.jpg,45359,50
image_resized/K/001/583/0B_5.jpg,45359,50
image_resized/K/009/1NV/02_1.jpg,355669,50
image_resized/K/009/1NV/02_2.jpg,355669,50
image_resized/K/009/1NV/02_3.jpg,355669,50
image_resized/K/009/1NV/02_4.jpg,355669,50
image_resized/K/009/1NV/02_5.jpg,355669,50
image_resized/K/001/CQX/0A_1.jpg,54023,50
image_resized/K/001/CQX/0A_2.jpg,54023,50
image_resized/K/001/CQX/0A_3.jpg,54023,50
image_resized/K/001/CQX/0A_4.jpg,54023,50
image_resized/K/001/CQX/0B_1.jpg,54023,50
image_resized/K/001/CQX/0B_2.jpg,54023,50
image_resized/K/001/CQX/0B_3.jpg,54023,50
image_resized/K/001/CQX/0B_4.jpg,54023,50
image_resized/S/00A/EMB/00_1.jpg,409949,50
image_resized/S/00A/EMB/00_2.jpg,409949,50
image_resized/S/00A/EMB/00_3.jpg,409949,50
image_resized/S/00A/EMB/00_4.jpg,409949,50
image_resized/S/00A/EMB/00_5.jpg,409949,50
image_resized/S/00A/EMB/00_6.jpg,409949,50
image_resized/S/00A/EMB/00_7.jpg,409949,50
image_resized/K/000/9DJ/03_1.jpg,10864,51
image_resized/K/000/9DJ/03_2.jpg,10864,51
image_resized/K/000/9DJ/03_3.jpg,10864,51
image_resized/K/000/9DJ/03_4.jpg,10864,51
image_resized/K/000/UWG/04_1.jpg,33404,51
image_resized/K/000/UWG/04_2.jpg,33404,51
image_resized/K/000/UWG/04_3.jpg,33404,51
image_resized/K/001/8MP/02_1.jpg,49289,51
image_resized/K/001/8MP/02_2.jpg,49289,51
image_resized/K/001/8MP/02_3.jpg,49289,51
image_resized/K/001/8MP/02_4.jpg,49289,51
image_resized/K/001/B48/01_1.jpg,52164,51
image_resized/K/001/B48/01_2.jpg,52164,51
image_resized/K/001/B48/01_3.jpg,52164,51
image_resized/K/001/B48/01_4.jpg,52164,51
image_resized/K/001/B48/01_5.jpg,52164,51
image_resized/L/001/DBU/01_1.jpg,54734,51
image_resized/L/001/DBU/01_10.jpg,54734,51
image_resized/L/001/DBU/01_11.jpg,54734,51
image_resized/L/001/DBU/01_12.jpg,54734,51
image_resized/L/001/DBU/01_2.jpg,54734,51
image_resized/L/001/DBU/01_3.jpg,54734,51
image_resized/L/001/DBU/01_4.jpg,54734,51
image_resized/L/001/DBU/01_5.jpg,54734,51
image_resized/L/001/DBU/01_6.jpg,54734,51
image_resized/L/001/DBU/01_7.jpg,54734,51
image_resized/K/001/RMQ/02_1.jpg,68942,51
image_resized/K/001/RMQ/02_2.jpg,68942,51
image_resized/K/001/RMQ/02_3.jpg,68942,51
image_resized/K/001/RMQ/02_4.jpg,68942,51
image_resized/K/001/RMQ/02_5.jpg,68942,51
image_resized/K/001/RMQ/04_1.jpg,68942,51
image_resized/K/001/RMQ/04_2.jpg,68942,51
image_resized/K/001/RMQ/04_3.jpg,68942,51
image_resized/K/001/RMQ/04_4.jpg,68942,51
image_resized/K/001/RMQ/04_5.jpg,68942,51
image_resized/K/001/TVH/01_1.jpg,71519,51
image_resized/K/001/TVH/01_2.jpg,71519,51
image_resized/K/001/TVH/01_3.jpg,71519,51
image_resized/K/001/TVH/01_4.jpg,71519,51
image_resized/K/001/WW0/07_1.jpg,75004,51
image_resized/K/001/WW0/07_2.jpg,75004,51
image_resized/K/001/WW0/07_3.jpg,75004,51
image_resized/K/001/WW0/07_4.jpg,75004,51
image_resized/K/001/WW0/07_5.jpg,75004,51
image_resized/K/001/WW0/07_6.jpg,75004,51
image_resized/K/001/WW0/07_7.jpg,75004,51
image_resized/K/001/YL7/01_1.jpg,76983,51
image_resized/K/001/YL7/01_2.jpg,76983,51
image_resized/K/001/YL7/01_3.jpg,76983,51
image_resized/K/001/YL7/01_4.jpg,76983,51
image_resized/K/001/ZAP/01_1.jpg,77815,51
image_resized/K/001/ZAP/01_2.jpg,77815,51
image_resized/K/001/ZAP/01_3.jpg,77815,51
image_resized/K/001/ZAP/01_4.jpg,77815,51
image_resized/K/001/ZAP/01_5.jpg,77815,51
image_resized/K/001/ZAP/01_6.jpg,77815,51
image_resized/K/001/ZAP/01_7.jpg,77815,51
image_resized/K/001/ZAP/02_1.jpg,77815,51
image_resized/K/001/ZAP/02_2.jpg,77815,51
image_resized/K/001/ZAP/02_3.jpg,77815,51
image_resized/K/001/ZAP/02_4.jpg,77815,51
image_resized/K/001/ZAP/02_5.jpg,77815,51
image_resized/K/001/ZAP/02_6.jpg,77815,51
image_resized/K/002/0QQ/03_1.jpg,79448,51
image_resized/K/002/0QQ/03_2.jpg,79448,51
image_resized/K/002/0QQ/03_3.jpg,79448,51
image_resized/K/002/0QQ/03_4.jpg,79448,51
image_resized/K/002/0QY/01_1.jpg,79456,51
image_resized/K/002/0QY/01_2.jpg,79456,51
image_resized/K/002/0QY/01_3.jpg,79456,51
image_resized/K/002/0QY/01_4.jpg,79456,51
image_resized/K/002/1AF/03_1.jpg,80119,51
image_resized/K/002/1AF/03_2.jpg,80119,51
image_resized/K/002/1AF/03_3.jpg,80119,51
image_resized/K/002/1KY/01_1.jpg,80442,51
image_resized/K/002/1KY/01_2.jpg,80442,51
image_resized/K/002/1KY/01_3.jpg,80442,51
image_resized/K/002/1KY/01_4.jpg,80442,51
image_resized/K/002/1NL/03_1.jpg,80532,51
image_resized/K/002/1NL/03_2.jpg,80532,51
image_resized/K/002/1NL/03_3.jpg,80532,51
image_resized/K/002/1NL/03_4.jpg,80532,51
image_resized/K/002/CCH/01_1.jpg,92905,51
image_resized/K/002/CCH/01_2.jpg,92905,51
image_resized/K/002/CCH/01_3.jpg,92905,51
image_resized/K/002/CCH/01_4.jpg,92905,51
image_resized/K/002/CCH/01_5.jpg,92905,51
image_resized/K/002/CCH/02_1.jpg,92905,51
image_resized/K/002/CCH/02_2.jpg,92905,51
image_resized/K/002/CCH/02_3.jpg,92905,51
image_resized/K/002/CCH/02_4.jpg,92905,51
image_resized/K/002/CCH/02_5.jpg,92905,51
image_resized/K/002/F44/01_1.jpg,96088,51
image_resized/K/002/F44/01_2.jpg,96088,51
image_resized/K/002/F44/01_3.jpg,96088,51
image_resized/K/002/F44/01_4.jpg,96088,51
image_resized/K/002/GF5/01_1.jpg,97619,51
image_resized/K/002/GF5/01_2.jpg,97619,51
image_resized/K/002/GF5/01_3.jpg,97619,51
image_resized/K/001/2GZ/0A_1.jpg,42193,53
image_resized/K/001/2GZ/0A_2.jpg,42193,53
image_resized/K/001/2GZ/0A_3.jpg,42193,53
image_resized/K/001/2GZ/0A_4.jpg,42193,53
image_resized/K/001/2GZ/0B_1.jpg,802882,53
image_resized/K/001/2GZ/0B_2.jpg,802882,53
image_resized/K/001/2GZ/0B_3.jpg,802882,53
image_resized/K/001/2GZ/0B_4.jpg,802882,53
image_resized/K/001/7V8/03_1.jpg,48390,53
image_resized/K/001/7V8/03_2.jpg,48390,53
image_resized/K/001/7V8/03_3.jpg,48390,53
image_resized/K/001/8AH/06_1.jpg,48909,53
image_resized/K/001/8AH/06_2.jpg,48909,53
image_resized/K/001/BE3/08_1.jpg,52499,53
image_resized/K/001/BE3/08_2.jpg,52499,53
image_resized/K/001/BE3/08_3.jpg,52499,53
image_resized/K/001/BE3/09_1.jpg,52499,53
image_resized/K/001/BE3/09_2.jpg,52499,53
image_resized/K/001/BE3/09_3.jpg,52499,53
image_resized/K/001/BE3/09_4.jpg,52499,53
image_resized/K/001/BE3/09_5.jpg,52499,53
image_resized/K/001/F7B/05_1.jpg,56893,53
image_resized/K/001/F7B/05_2.jpg,56893,53
image_resized/K/001/F7B/05_3.jpg,56893,53
image_resized/K/001/L1R/07_1.jpg,62483,53
image_resized/K/001/L1R/07_2.jpg,62483,53
image_resized/K/001/L1R/07_3.jpg,62483,53
image_resized/K/001/S5M/02_1.jpg,1234706,53
image_resized/K/001/S5M/02_2.jpg,1234706,53
image_resized/K/001/S5M/02_3.jpg,1234706,53
image_resized/K/001/T2D/04_1.jpg,70597,53
image_resized/K/001/T2D/04_2.jpg,70597,53
image_resized/K/001/T2D/04_3.jpg,70597,53
image_resized/K/001/T2D/04_4.jpg,70597,53
image_resized/K/001/T2D/04_5.jpg,70597,53
image_resized/K/001/T2D/04_6.jpg,70597,53
image_resized/K/001/XL0/03_1.jpg,75820,53
image_resized/K/001/XL0/03_2.jpg,75820,53
image_resized/K/001/XL0/03_3.jpg,75820,53
image_resized/K/001/YB5/04_1.jpg,388415,53
image_resized/K/001/YB5/04_2.jpg,388415,53
image_resized/K/001/YB5/04_3.jpg,388415,53
image_resized/K/001/YB5/04_4.jpg,388415,53
image_resized/K/001/YB5/04_5.jpg,388415,53
image_resized/K/001/YPV/06_1.jpg,77107,53
image_resized/K/001/YPV/06_2.jpg,77107,53
image_resized/K/001/YPV/06_3.jpg,77107,53
image_resized/K/002/0AN/05_1.jpg,78970,53
image_resized/K/002/0AN/05_2.jpg,78970,53
image_resized/K/002/0AN/05_3.jpg,78970,53
image_resized/K/002/1CP/05_1.jpg,80195,53
image_resized/K/002/1CP/05_2.jpg,80195,53
image_resized/K/002/1CP/05_3.jpg,80195,53
image_resized/K/002/1CP/06_1.jpg,80195,53
image_resized/K/002/1CP/06_2.jpg,80195,53
image_resized/K/002/1CP/06_3.jpg,80195,53
image_resized/K/002/1CP/06_4.jpg,80195,53
image_resized/K/002/1CP/06_5.jpg,80195,53
image_resized/K/002/1CP/08_1.jpg,80195,53
image_resized/K/002/1CP/08_2.jpg,80195,53
image_resized/K/002/1CP/08_3.jpg,80195,53
image_resized/K/002/1CP/08_4.jpg,80195,53
image_resized/K/002/1CP/08_5.jpg,80195,53
image_resized/K/002/1CP/08_6.jpg,80195,53
image_resized/K/002/1CP/08_7.jpg,80195,53
image_resized/K/002/1CP/08_8.jpg,80195,53
image_resized/K/002/3UH/02_1.jpg,83045,53
image_resized/K/002/3UH/02_2.jpg,83045,53
image_resized/K/002/3UH/02_3.jpg,83045,53
image_resized/K/002/4EV/02_1.jpg,83737,53
image_resized/K/002/4EV/02_2.jpg,83737,53
image_resized/K/002/4EV/02_3.jpg,83737,53
image_resized/K/002/DD5/02_1.jpg,94083,53
image_resized/K/002/DD5/02_2.jpg,94083,53
image_resized/K/002/DD5/02_3.jpg,94083,53
image_resized/K/002/DD5/02_4.jpg,94083,53
image_resized/K/002/DD5/02_5.jpg,94083,53
image_resized/K/002/GUB/03_1.jpg,98067,53
image_resized/K/002/GUB/03_2.jpg,98067,53
image_resized/K/002/GUB/03_3.jpg,98067,53
image_resized/K/002/JLN/03_1.jpg,100118,53
image_resized/K/002/JLN/03_2.jpg,100118,53
image_resized/K/002/JLN/03_3.jpg,100118,53
image_resized/K/002/NN9/07_1.jpg,104797,53
image_resized/K/002/NN9/07_2.jpg,104797,53
image_resized/K/002/NN9/07_3.jpg,104797,53
image_resized/K/002/NN9/07_4.jpg,104797,53
image_resized/K/002/NN9/07_5.jpg,104797,53
image_resized/K/002/RSS/0A_1.jpg,108418,53
image_resized/K/002/RSS/0A_2.jpg,108418,53
image_resized/K/002/RSS/0A_3.jpg,108418,53
image_resized/K/002/RSS/0A_4.jpg,108418,53
image_resized/K/002/RSS/0A_5.jpg,108418,53
image_resized/K/000/C7Q/03_1.jpg,14134,57
image_resized/K/000/C7Q/03_2.jpg,14134,57
image_resized/K/000/C7Q/03_3.jpg,14134,57
image_resized/K/000/ZKN/01_1.jpg,38816,57
image_resized/K/000/ZKN/01_2.jpg,38816,57
image_resized/K/000/ZKN/01_3.jpg,38816,57
image_resized/K/000/ZKN/01_4.jpg,38816,57
image_resized/K/000/ZKN/01_5.jpg,38816,57
image_resized/K/000/8NM/0C_1.jpg,10017,57
image_resized/K/000/8NM/0C_2.jpg,10017,57
image_resized/K/000/8NM/0C_3.jpg,10017,57
image_resized/K/000/8NM/0C_4.jpg,10017,57
image_resized/K/000/8ZA/02_1.jpg,10380,57
image_resized/K/000/8ZA/02_2.jpg,10380,57
image_resized/K/000/8ZA/02_3.jpg,10380,57
image_resized/K/000/ALP/04_1.jpg,12263,57
image_resized/K/000/ALP/04_2.jpg,12263,57
image_resized/K/000/ALP/04_3.jpg,12263,57
image_resized/K/000/ALP/04_4.jpg,12263,57
image_resized/K/000/ALP/0G_1.jpg,12263,57
image_resized/K/000/ALP/0G_2.jpg,12263,57
image_resized/K/000/ALP/0G_3.jpg,12263,57
image_resized/K/000/ALP/0G_4.jpg,12263,57
image_resized/K/000/BFS/0J_1.jpg,13252,57
image_resized/K/000/BFS/0J_2.jpg,13252,57
image_resized/K/000/BFS/0J_3.jpg,13252,57
image_resized/K/000/FFM/0A_1.jpg,17871,57
image_resized/K/000/FFM/0A_2.jpg,17871,57
image_resized/K/000/FFM/0A_3.jpg,17871,57
image_resized/K/000/FFM/0A_4.jpg,17871,57
image_resized/K/000/FFM/0A_5.jpg,17871,57
image_resized/K/000/FFM/0B_1.jpg,17871,57
image_resized/K/000/FFM/0B_2.jpg,17871,57
image_resized/K/000/FFM/0B_3.jpg,17871,57
image_resized/K/000/FFM/0B_4.jpg,17871,57
image_resized/K/000/FFM/0B_5.jpg,17871,57
image_resized/K/000/HL6/07_1.jpg,20338,57
image_resized/K/000/HL6/07_2.jpg,20338,57
image_resized/K/000/HL6/07_3.jpg,20338,57
image_resized/K/000/HY4/04_1.jpg,20744,57
image_resized/K/000/HY4/04_2.jpg,20744,57
image_resized/K/000/HY4/04_3.jpg,20744,57
image_resized/K/000/HY4/04_4.jpg,20744,57
image_resized/K/000/HY4/04_5.jpg,20744,57
image_resized/K/000/HY4/06_1.jpg,20744,57
image_resized/K/000/HY4/06_2.jpg,20744,57
image_resized/K/000/HY4/06_3.jpg,20744,57
image_resized/K/000/HY4/06_4.jpg,20744,57
image_resized/K/000/QCU/0C_1.jpg,28180,57
image_resized/K/000/QCU/0C_2.jpg,28180,57
image_resized/K/000/QCU/0C_3.jpg,28180,57
image_resized/K/000/QCU/0C_4.jpg,28180,57
image_resized/K/000/QCU/0C_5.jpg,28180,57
image_resized/K/000/QCU/0D_1.jpg,28180,57
image_resized/K/000/QCU/0D_2.jpg,28180,57
image_resized/K/000/QCU/0D_3.jpg,28180,57
image_resized/K/000/QCU/0D_4.jpg,28180,57
image_resized/K/000/R39/04_1.jpg,29011,57
image_resized/K/000/R39/04_2.jpg,29011,57
image_resized/K/000/R39/04_3.jpg,29011,57
image_resized/K/000/R39/04_4.jpg,29011,57
image_resized/K/000/R39/04_5.jpg,29011,57
image_resized/K/000/SVW/05_1.jpg,31072,57
image_resized/K/000/SVW/05_10.jpg,31072,57
image_resized/K/000/SVW/05_11.jpg,31072,57
image_resized/K/000/SVW/05_12.jpg,31072,57
image_resized/K/000/SVW/05_13.jpg,31072,57
image_resized/K/000/SVW/05_14.jpg,31072,57
image_resized/K/000/SVW/05_15.jpg,31072,57
image_resized/K/000/SVW/05_2.jpg,31072,57
image_resized/K/000/SVW/05_3.jpg,31072,57
image_resized/K/000/SVW/05_4.jpg,31072,57
image_resized/K/000/SVW/05_5.jpg,31072,57
image_resized/K/000/SVW/05_6.jpg,31072,57
image_resized/K/000/SVW/05_7.jpg,31072,57
image_resized/K/000/SVW/05_8.jpg,31072,57
image_resized/K/000/SVW/05_9.jpg,31072,57
image_resized/K/000/UF4/03_1.jpg,32882,57
image_resized/K/000/UF4/03_2.jpg,32882,57
image_resized/K/000/UF4/03_3.jpg,32882,57
image_resized/K/000/UF4/03_4.jpg,32882,57
image_resized/K/000/UF4/03_5.jpg,32882,57
image_resized/K/000/WUX/02_1.jpg,35663,57
image_resized/K/000/WUX/02_2.jpg,35663,57
image_resized/K/000/WUX/02_3.jpg,35663,57
image_resized/K/000/WUX/02_4.jpg,35663,57
image_resized/K/000/WUX/05_1.jpg,35663,57
image_resized/K/000/WUX/05_2.jpg,35663,57
image_resized/K/000/WUX/05_3.jpg,35663,57
image_resized/K/000/WUX/05_4.jpg,35663,57
image_resized/K/000/Z39/03_1.jpg,38259,57
image_resized/K/000/Z39/03_2.jpg,38259,57
image_resized/K/000/Z39/03_3.jpg,38259,57
image_resized/K/000/Z3A/05_1.jpg,38260,57
image_resized/K/000/Z3A/05_2.jpg,38260,57
image_resized/K/001/1CB/0H_1.jpg,40879,57
image_resized/K/001/1CB/0H_2.jpg,40879,57
image_resized/K/001/1CB/0H_3.jpg,40879,57
image_resized/K/001/2CZ/05_1.jpg,42057,57
image_resized/K/001/2CZ/05_2.jpg,42057,57
image_resized/K/000/U33/02_1.jpg,32473,66
image_resized/K/000/U33/02_2.jpg,32473,66
image_resized/K/000/U33/03_1.jpg,32473,66
image_resized/K/000/U33/03_2.jpg,32473,66
image_resized/K/004/SJ8/01_1.jpg,187892,66
image_resized/K/004/SJ8/01_2.jpg,187892,66
image_resized/K/004/SJ8/03_1.jpg,187892,66
image_resized/K/004/SJ8/03_2.jpg,187892,66
image_resized/K/007/3Z1/01_1.jpg,1012691,66
image_resized/K/007/3Z1/01_2.jpg,1012691,66
image_resized/K/007/3Z2/01_1.jpg,1012690,66
image_resized/K/007/3Z2/01_2.jpg,1012690,66
image_resized/K/007/3Z2/02_1.jpg,1012690,66
image_resized/K/007/3Z2/02_2.jpg,1012690,66
image_resized/K/008/D9J/01_1.jpg,329784,66
image_resized/K/008/D9J/01_2.jpg,329784,66
image_resized/K/008/D9J/01_3.jpg,329784,66
image_resized/K/008/D9J/01_4.jpg,329784,66
image_resized/K/009/JXR/01_1.jpg,375623,66
image_resized/K/009/JXR/01_2.jpg,375623,66
image_resized/K/007/3Z2/03_1.jpg,1012690,66
image_resized/K/007/3Z2/03_2.jpg,1012690,66
image_resized/K/007/3Z2/03_3.jpg,1012690,66
image_resized/K/007/3Z2/03_4.jpg,1012690,66
image_resized/K/007/3Z2/03_5.jpg,1012690,66
image_resized/K/007/3Z2/03_6.jpg,1012690,66
image_resized/K/007/3Z1/03_1.jpg,1012691,66
image_resized/K/007/3Z1/03_2.jpg,1012691,66
image_resized/K/007/3Z1/03_3.jpg,1012691,66
image_resized/K/007/3Z1/03_4.jpg,1012691,66
image_resized/K/007/3Z1/03_5.jpg,1012691,66
image_resized/K/007/3Z1/03_6.jpg,1012691,66
image_resized/K/009/FB7/01_1.jpg,371457,66
image_resized/K/009/FB7/01_2.jpg,371457,66
image_resized/K/009/FB7/01_3.jpg,371457,66
image_resized/K/009/FB7/01_4.jpg,371457,66
image_resized/K/009/FB7/01_5.jpg,371457,66
image_resized/K/009/FB6/01_1.jpg,371456,66
image_resized/K/009/FB6/01_2.jpg,371456,66
image_resized/K/009/FB6/01_3.jpg,371456,66
image_resized/K/009/FB6/01_4.jpg,371456,66
image_resized/K/00G/LEG/00_1.jpg,652476,66
image_resized/K/00G/LEG/00_2.jpg,652476,66
image_resized/K/00G/LEG/00_3.jpg,652476,66
image_resized/K/00G/LEG/00_4.jpg,652476,66
image_resized/K/00G/LEG/00_5.jpg,652476,66
image_resized/K/00G/LEG/00_6.jpg,652476,66
image_resized/K/00G/LEG/00_7.jpg,652476,66
image_resized/K/00G/LEG/00_8.jpg,652476,66
image_resized/K/00G/LEH/00_1.jpg,652477,66
image_resized/K/00G/LEH/00_2.jpg,652477,66
image_resized/K/00G/LEH/00_3.jpg,652477,66
image_resized/K/00G/LEH/00_4.jpg,652477,66
image_resized/K/00G/LEH/00_5.jpg,652477,66
image_resized/K/00G/LEH/00_6.jpg,652477,66
image_resized/K/00G/LEH/00_7.jpg,652477,66
image_resized/K/00G/LEH/00_8.jpg,652477,66
image_resized/K/00A/HS9/00_1.jpg,413585,66
image_resized/K/00A/HS9/00_2.jpg,413585,66
image_resized/K/00A/HS9/00_3.jpg,413585,66
image_resized/K/00A/HS9/00_4.jpg,413585,66
image_resized/K/00A/HSA/00_1.jpg,413586,66
image_resized/K/00A/HSA/00_2.jpg,413586,66
image_resized/K/00A/HSA/00_3.jpg,413586,66
image_resized/K/00A/HSA/00_4.jpg,413586,66
image_resized/K/00H/NM1/00_1.jpg,1012699,66
image_resized/K/00H/NM1/00_2.jpg,1012699,66
image_resized/K/00H/NM1/00_3.jpg,1012699,66
image_resized/K/00H/NM1/00_4.jpg,1012699,66
image_resized/K/00H/NM1/00_5.jpg,1012699,66
image_resized/K/00H/NM0/00_1.jpg,1012698,66
image_resized/K/00H/NM0/00_2.jpg,1012698,66
image_resized/K/00H/NM0/00_3.jpg,1012698,66
image_resized/K/00H/NM0/00_4.jpg,1012698,66
image_resized/K/00H/NM0/00_5.jpg,1012698,66
image_resized/K/00H/5EQ/00_1.jpg,1012689,66
image_resized/K/00H/5EQ/00_2.jpg,1012689,66
image_resized/K/00H/5EQ/00_3.jpg,1012689,66
image_resized/K/00H/5EQ/00_4.jpg,1012689,66
image_resized/K/00H/5ER/00_1.jpg,1012688,66
image_resized/K/00H/5ER/00_2.jpg,1012688,66
image_resized/K/00H/5ER/00_3.jpg,1012688,66
image_resized/K/00H/5ER/00_4.jpg,1012688,66
image_resized/K/00E/KZ4/00_1.jpg,1012633,66
image_resized/K/00E/KZ4/00_2.jpg,1012633,66
image_resized/K/00E/KZ4/00_3.jpg,1012633,66
image_resized/K/00E/KZ4/00_4.jpg,1012633,66
image_resized/K/00E/KZ4/00_5.jpg,1012633,66
image_resized/E/00P/SDJ/00_1.jpg,934508,66
image_resized/E/00P/SDJ/00_2.jpg,934508,66
image_resized/E/00P/SDK/00_1.jpg,934509,66
image_resized/E/00P/SDK/00_2.jpg,934509,66
image_resized/K/00N/7Q3/00_1.jpg,1012697,66
image_resized/K/00N/7Q3/00_2.jpg,1012697,66
image_resized/H/005/A2J/01_1.jpg,208166,66
image_resized/H/005/A2J/01_2.jpg,208166,66
image_resized/K/00B/AL6/00_1.jpg,1106970,66
image_resized/K/00B/AL6/00_2.jpg,1106970,66
image_resized/K/00B/AL6/00_3.jpg,1106970,66
image_resized/K/005/A2J/09_1.jpg,208166,66
image_resized/K/000/WVF/01_1.jpg,35681,68
image_resized/K/000/WVF/01_2.jpg,35681,68
image_resized/K/000/WVF/01_3.jpg,35681,68
image_resized/K/000/WVF/01_4.jpg,35681,68
image_resized/K/001/5V6/07_1.jpg,46076,68
image_resized/K/001/5V6/07_2.jpg,46076,68
image_resized/K/001/5V6/07_3.jpg,46076,68
image_resized/K/000/AH2/01_1.jpg,12140,68
image_resized/K/000/AH2/01_2.jpg,12140,68
image_resized/K/000/AH2/01_3.jpg,12140,68
image_resized/K/000/CT2/09_1.jpg,14792,68
image_resized/K/000/CT2/09_2.jpg,14792,68
image_resized/K/000/GMR/02_1.jpg,19235,68
image_resized/K/000/GMR/02_2.jpg,19235,68
image_resized/K/000/GMR/02_3.jpg,19235,68
image_resized/K/000/GMR/02_4.jpg,19235,68
image_resized/K/000/GMR/02_5.jpg,19235,68
image_resized/K/000/GMR/02_6.jpg,19235,68
image_resized/K/000/JUP/02_1.jpg,21783,68
image_resized/K/000/JUP/02_2.jpg,21783,68
image_resized/K/000/JUP/02_3.jpg,21783,68
image_resized/K/000/JUP/02_4.jpg,21783,68
image_resized/K/000/JUP/02_5.jpg,21783,68
image_resized/K/000/JUP/02_6.jpg,21783,68
image_resized/K/000/JUP/02_7.jpg,21783,68
image_resized/K/000/JUP/02_8.jpg,21783,68
image_resized/K/000/JUP/02_9.jpg,21783,68
image_resized/K/000/NZ8/0F_1.jpg,26562,68
image_resized/K/000/NZ8/0F_2.jpg,26562,68
image_resized/K/000/QBB/36_1.jpg,724604,68
image_resized/K/000/QBB/36_2.jpg,724604,68
image_resized/K/000/QBB/36_3.jpg,724604,68
image_resized/K/000/QD6/04_1.jpg,28192,68
image_resized/K/000/QD6/04_2.jpg,28192,68
image_resized/K/000/QD6/04_3.jpg,28192,68
image_resized/K/000/QD6/04_4.jpg,28192,68
image_resized/K/000/QD6/04_5.jpg,28192,68
image_resized/K/000/QD6/04_6.jpg,28192,68
image_resized/K/000/RVK/01_1.jpg,29905,68
image_resized/K/000/RVK/01_2.jpg,29905,68
image_resized/K/000/RVK/09_1.jpg,29905,68
image_resized/K/000/RVK/09_2.jpg,29905,68
image_resized/K/000/RVK/0A_1.jpg,29905,68
image_resized/K/000/RVK/0A_2.jpg,29905,68
image_resized/K/000/RVK/0A_3.jpg,29905,68
image_resized/K/000/RVK/0A_4.jpg,29905,68
image_resized/K/000/RVK/0A_5.jpg,29905,68
image_resized/K/000/RVK/0A_6.jpg,29905,68
image_resized/K/000/RVK/0A_7.jpg,29905,68
image_resized/K/000/RVK/0A_8.jpg,29905,68
image_resized/K/000/RVK/0A_9.jpg,29905,68
image_resized/K/000/TF5/0W_1.jpg,31727,68
image_resized/K/000/TF5/0W_2.jpg,31727,68
image_resized/K/000/TRW/0Q_1.jpg,32092,68
image_resized/K/000/TRW/0Q_2.jpg,32092,68
image_resized/K/000/TRW/0Q_3.jpg,32092,68
image_resized/K/000/VX1/02_1.jpg,34579,68
image_resized/K/000/VX1/02_2.jpg,34579,68
image_resized/K/000/VX1/02_3.jpg,34579,68
image_resized/K/000/VX1/02_4.jpg,34579,68
image_resized/K/000/VX1/02_5.jpg,34579,68
image_resized/K/000/VX1/02_6.jpg,34579,68
image_resized/K/000/W3V/05_1.jpg,34811,68
image_resized/K/000/W3V/06_1.jpg,34811,68
image_resized/K/000/W3V/06_2.jpg,34811,68
image_resized/K/001/39G/01_1.jpg,43094,68
image_resized/K/001/39G/01_2.jpg,43094,68
image_resized/K/001/56L/01_1.jpg,942146,68
image_resized/K/001/56L/01_2.jpg,942146,68
image_resized/K/001/5NC/05_1.jpg,45844,68
image_resized/K/001/5NC/05_2.jpg,45844,68
image_resized/K/001/5NC/05_3.jpg,45844,68
image_resized/K/001/5NC/05_4.jpg,45844,68
image_resized/K/001/5NC/05_5.jpg,45844,68
image_resized/K/001/5NC/06_1.jpg,45844,68
image_resized/K/001/5NC/06_2.jpg,45844,68
image_resized/K/001/5NC/06_3.jpg,45844,68
image_resized/K/001/5NC/06_4.jpg,45844,68
image_resized/K/001/5NC/06_5.jpg,45844,68
image_resized/K/001/5NC/09_1.jpg,45844,68
image_resized/K/001/5NC/09_2.jpg,45844,68
image_resized/K/001/5NC/09_3.jpg,45844,68
image_resized/K/001/5NC/09_4.jpg,45844,68
image_resized/K/001/5NC/0E_1.jpg,45844,68
image_resized/K/001/5NC/0E_2.jpg,45844,68
image_resized/K/001/5NC/0G_1.jpg,45844,68
image_resized/K/001/5NC/0G_2.jpg,45844,68
image_resized/K/001/5NF/02_1.jpg,45847,68
image_resized/K/001/5NF/02_2.jpg,45847,68
image_resized/K/001/5NF/02_3.jpg,45847,68
image_resized/K/001/5NF/02_4.jpg,45847,68
image_resized/K/001/5NF/02_5.jpg,45847,68
image_resized/K/001/5NF/04_1.jpg,45847,68
image_resized/K/001/5NF/04_2.jpg,45847,68
image_resized/K/001/5NF/04_3.jpg,45847,68
image_resized/K/001/5NF/04_4.jpg,45847,68
image_resized/K/001/5NF/04_5.jpg,45847,68
image_resized/K/001/5NF/07_1.jpg,45847,68
image_resized/K/001/5NF/07_2.jpg,45847,68
image_resized/K/001/5V6/03_1.jpg,46076,68
image_resized/K/000/E5W/0Q_1.jpg,16384,70
image_resized/K/000/E5W/0Q_2.jpg,16384,70
image_resized/K/000/E5W/0Q_3.jpg,16384,70
image_resized/K/000/E5X/0H_1.jpg,16385,70
image_resized/K/000/E5X/0H_2.jpg,16385,70
image_resized/K/000/E5X/0H_3.jpg,16385,70
image_resized/K/000/Q3D/08_1.jpg,27859,70
image_resized/K/000/Q3D/08_2.jpg,27859,70
image_resized/K/000/Q3D/08_3.jpg,27859,70
image_resized/K/000/UH6/0L_1.jpg,32952,70
image_resized/K/000/UH6/0L_2.jpg,32952,70
image_resized/K/000/UH6/13_1.jpg,32952,70
image_resized/K/000/UH6/13_1.jpg,32952,70
image_resized/K/000/UH6/13_2.jpg,32952,70
image_resized/K/000/UH6/13_2.jpg,32952,70
image_resized/K/000/UH6/13_5.jpg,32952,70
image_resized/K/000/UH6/13_5.jpg,32952,70
image_resized/K/000/UH6/13_6.jpg,32952,70
image_resized/K/000/UH6/13_6.jpg,32952,70
image_resized/K/000/UH6/13_7.jpg,32952,70
image_resized/K/000/UH6/13_7.jpg,32952,70
image_resized/K/000/UH6/13_8.jpg,32952,70
image_resized/K/000/UH6/13_8.jpg,32952,70
image_resized/K/000/UH6/13_9.jpg,32952,70
image_resized/K/000/UH6/13_9.jpg,32952,70
image_resized/K/000/UH7/0E_1.jpg,32953,70
image_resized/K/000/UH7/0E_1.jpg,32953,70
image_resized/K/000/UH7/0E_2.jpg,32953,70
image_resized/K/000/UH7/0E_2.jpg,32953,70
image_resized/K/000/UH7/0E_5.jpg,32953,70
image_resized/K/000/UH7/0E_5.jpg,32953,70
image_resized/K/001/3CD/04_1.jpg,43193,70
image_resized/K/001/3CD/04_2.jpg,43193,70
image_resized/K/001/3CD/04_3.jpg,43193,70
image_resized/K/001/3CD/04_4.jpg,43193,70
image_resized/K/001/3CD/04_5.jpg,43193,70
image_resized/K/001/BDS/03_1.jpg,52488,70
image_resized/K/001/BDS/03_2.jpg,52488,70
image_resized/K/001/BDS/03_3.jpg,52488,70
image_resized/K/001/BDS/03_4.jpg,52488,70
image_resized/K/001/F5T/02_1.jpg,56841,70
image_resized/K/001/F5T/02_2.jpg,56841,70
image_resized/K/001/F5T/05_1.jpg,56841,70
image_resized/K/001/F5T/05_2.jpg,56841,70
image_resized/K/001/F5T/06_1.jpg,56841,70
image_resized/K/001/F5T/06_2.jpg,56841,70
image_resized/K/001/F5T/08_1.jpg,56841,70
image_resized/K/001/F5T/08_2.jpg,56841,70
image_resized/K/001/J28/02_1.jpg,60188,70
image_resized/K/001/J28/02_2.jpg,60188,70
image_resized/K/001/J28/02_3.jpg,60188,70
image_resized/K/001/J28/02_4.jpg,60188,70
image_resized/K/001/J28/02_5.jpg,60188,70
image_resized/K/001/J28/02_6.jpg,60188,70
image_resized/K/001/J5V/01_1.jpg,60311,70
image_resized/K/001/J5V/01_2.jpg,60311,70
image_resized/K/001/J5V/01_3.jpg,60311,70
image_resized/K/001/J5V/01_4.jpg,60311,70
image_resized/K/001/J5V/02_1.jpg,60311,70
image_resized/K/001/J5V/02_2.jpg,60311,70
image_resized/K/001/K0A/0A_1.jpg,61278,70
image_resized/K/001/K0A/0A_2.jpg,61278,70
image_resized/K/001/ZLE/04_1.jpg,78146,70
image_resized/K/001/ZLE/04_2.jpg,78146,70
image_resized/K/001/ZLE/04_3.jpg,78146,70
image_resized/K/002/1Y8/01_1.jpg,80860,70
image_resized/K/002/1Y8/01_2.jpg,80860,70
image_resized/K/002/1Y8/01_3.jpg,80860,70
image_resized/K/002/1Y8/02_1.jpg,80860,70
image_resized/K/002/1Y8/02_2.jpg,80860,70
image_resized/K/002/1Y8/02_3.jpg,80860,70
image_resized/K/002/1Y8/03_1.jpg,80860,70
image_resized/K/002/1Y8/03_2.jpg,80860,70
image_resized/K/002/1Y8/03_3.jpg,80860,70
image_resized/K/002/1Y8/03_4.jpg,80860,70
image_resized/K/002/1Y9/01_1.jpg,80861,70
image_resized/K/002/1Y9/01_2.jpg,80861,70
image_resized/K/002/1Y9/01_3.jpg,80861,70
image_resized/K/002/1Y9/01_4.jpg,80861,70
image_resized/K/002/3XJ/01_1.jpg,83148,70
image_resized/K/002/3XJ/01_2.jpg,83148,70
image_resized/K/002/3XJ/01_3.jpg,83148,70
image_resized/K/002/3XJ/02_1.jpg,83148,70
image_resized/K/002/3XJ/02_2.jpg,83148,70
image_resized/K/002/3XJ/02_3.jpg,83148,70
image_resized/K/002/3XJ/02_4.jpg,83148,70
image_resized/K/002/7TA/01_1.jpg,87628,70
image_resized/K/002/7TA/01_2.jpg,87628,70
image_resized/K/002/7TA/03_1.jpg,87628,70
image_resized/K/002/7TA/03_2.jpg,87628,70
image_resized/K/003/815/02_1.jpg,127199,70
image_resized/K/003/815/02_2.jpg,127199,70
image_resized/K/003/815/02_3.jpg,127199,70
image_resized/K/003/H2R/01_1.jpg,137657,70
image_resized/K/003/H2R/01_2.jpg,137657,70
image_resized/K/003/H2R/04_1.jpg,137657,70
image_resized/K/003/H2R/04_2.jpg,137657,70
image_resized/K/003/H2R/06_1.jpg,137657,70
image_resized/K/003/H2R/06_2.jpg,137657,70
image_resized/K/003/H2R/06_3.jpg,137657,70
image_resized/K/000/XND/05_1.jpg,36597,74
image_resized/K/000/XND/05_2.jpg,36597,74
image_resized/K/000/XND/05_3.jpg,36597,74
image_resized/K/000/XND/05_4.jpg,36597,74
image_resized/K/001/TC1/01_1.jpg,70925,74
image_resized/K/001/TC1/01_2.jpg,70925,74
image_resized/K/001/TC1/01_3.jpg,70925,74
image_resized/K/000/BFU/02_1.jpg,13254,74
image_resized/K/000/BFU/02_2.jpg,13254,74
image_resized/K/000/BFV/02_1.jpg,13255,74
image_resized/K/000/BFV/02_2.jpg,13255,74
image_resized/K/000/BFV/02_3.jpg,13255,74
image_resized/K/000/BFV/02_4.jpg,13255,74
image_resized/K/000/FLR/02_1.jpg,18045,74
image_resized/K/000/FLR/02_2.jpg,18045,74
image_resized/K/000/FLR/02_3.jpg,18045,74
image_resized/K/000/FLR/02_4.jpg,18045,74
image_resized/K/000/GDV/02_1.jpg,18967,74
image_resized/K/000/GDV/02_2.jpg,18967,74
image_resized/K/000/SJJ/0C_1.jpg,30686,74
image_resized/K/000/SJJ/0C_2.jpg,30686,74
image_resized/K/000/SJJ/0C_3.jpg,30686,74
image_resized/K/000/SJJ/0C_4.jpg,30686,74
image_resized/K/000/VGQ/03_1.jpg,34092,74
image_resized/K/000/VGQ/03_2.jpg,34092,74
image_resized/K/000/XND/02_1.jpg,36597,74
image_resized/K/000/XND/02_2.jpg,36597,74
image_resized/K/000/XND/02_3.jpg,36597,74
image_resized/K/000/XND/02_4.jpg,36597,74
image_resized/K/000/XND/02_5.jpg,36597,74
image_resized/K/000/XNF/03_1.jpg,36599,74
image_resized/K/000/XNF/03_2.jpg,36599,74
image_resized/K/000/XNF/03_3.jpg,36599,74
image_resized/K/000/XNF/03_4.jpg,36599,74
image_resized/K/000/XNF/03_5.jpg,36599,74
image_resized/K/000/XNF/04_1.jpg,36599,74
image_resized/K/000/XNF/04_2.jpg,36599,74
image_resized/K/000/XNF/04_3.jpg,36599,74
image_resized/K/000/XNF/04_4.jpg,36599,74
image_resized/K/000/XNF/04_5.jpg,36599,74
image_resized/K/000/YU6/02_1.jpg,37950,74
image_resized/K/000/YU6/02_2.jpg,37950,74
image_resized/K/000/YU6/02_3.jpg,37950,74
image_resized/K/000/YU7/01_1.jpg,37951,74
image_resized/K/000/YU7/01_2.jpg,37951,74
image_resized/K/000/YU7/01_3.jpg,37951,74
image_resized/K/001/1KP/04_1.jpg,41129,74
image_resized/K/001/1KP/04_2.jpg,41129,74
image_resized/K/001/1KP/09_1.jpg,41129,74
image_resized/K/001/1KP/09_2.jpg,41129,74
image_resized/K/001/1KQ/01_1.jpg,41130,74
image_resized/K/001/1KQ/01_2.jpg,41130,74
image_resized/K/001/26P/0E_1.jpg,41843,74
image_resized/K/001/26P/0E_2.jpg,41843,74
image_resized/K/001/684/01_1.jpg,46516,74
image_resized/K/001/684/01_2.jpg,46516,74
image_resized/K/001/684/02_1.jpg,46516,74
image_resized/K/001/684/02_2.jpg,46516,74
image_resized/K/001/8SH/02_1.jpg,49453,74
image_resized/K/001/8SH/02_2.jpg,49453,74
image_resized/K/001/8SH/02_3.jpg,49453,74
image_resized/K/001/8SH/02_4.jpg,49453,74
image_resized/K/001/8SH/02_5.jpg,49453,74
image_resized/K/001/DED/02_1.jpg,54821,74
image_resized/K/001/DED/02_2.jpg,54821,74
image_resized/K/001/DED/03_1.jpg,54821,74
image_resized/K/001/DED/03_2.jpg,54821,74
image_resized/K/001/DED/03_3.jpg,54821,74
image_resized/K/001/ERX/0S_1.jpg,56369,74
image_resized/K/001/ERX/0S_2.jpg,56369,74
image_resized/K/001/ERX/0S_3.jpg,56369,74
image_resized/K/001/ERX/0S_4.jpg,56369,74
image_resized/K/001/ERX/0U_1.jpg,56369,74
image_resized/K/001/ERX/0U_2.jpg,56369,74
image_resized/K/001/ERX/0U_3.jpg,56369,74
image_resized/K/001/G30/03_1.jpg,57902,74
image_resized/K/001/G30/03_2.jpg,57902,74
image_resized/K/001/JJL/01_1.jpg,60744,74
image_resized/K/001/JJL/01_2.jpg,60744,74
image_resized/K/001/JJL/01_3.jpg,60744,74
image_resized/K/001/JJL/02_1.jpg,60744,74
image_resized/K/001/JJL/02_2.jpg,60744,74
image_resized/K/001/JJL/02_3.jpg,60744,74
image_resized/K/001/JJM/01_1.jpg,60745,74
image_resized/K/001/JJM/01_2.jpg,60745,74
image_resized/K/001/JJM/01_3.jpg,60745,74
image_resized/K/001/L60/01_1.jpg,62628,74
image_resized/K/001/L60/01_2.jpg,62628,74
image_resized/K/001/L60/03_1.jpg,62628,74
image_resized/K/001/L60/03_2.jpg,62628,74
image_resized/K/001/L60/03_3.jpg,62628,74
image_resized/K/001/L60/06_1.jpg,62628,74
image_resized/K/001/L60/06_2.jpg,62628,74
image_resized/K/001/L61/01_1.jpg,62629,74
image_resized/K/001/L61/01_2.jpg,62629,74
image_resized/K/001/L61/03_1.jpg,62629,74
image_resized/K/001/L61/03_2.jpg,62629,74
image_resized/K/001/L61/03_3.jpg,62629,74
image_resized/K/001/LG6/0R_1.jpg,62974,74
image_resized/K/001/LG6/0R_1.jpg,62974,74
image_resized/K/001/BDQ/01_1.jpg,83049,76
image_resized/K/001/BDQ/01_2.jpg,83049,76
image_resized/K/001/BDQ/03_1.jpg,52486,76
image_resized/K/001/BDQ/03_2.jpg,52486,76
image_resized/K/001/BDQ/03_3.jpg,52486,76
image_resized/K/001/BDQ/03_4.jpg,52486,76
image_resized/K/002/1Y7/01_1.jpg,80859,76
image_resized/K/002/1Y7/01_2.jpg,80859,76
image_resized/K/002/U0F/03_1.jpg,110991,76
image_resized/K/002/U0F/03_2.jpg,110991,76
image_resized/K/002/XXW/01_1.jpg,115528,76
image_resized/K/002/XXW/01_2.jpg,115528,76
image_resized/K/002/1Y6/01_1.jpg,80858,76
image_resized/K/002/1Y6/01_2.jpg,80858,76
image_resized/K/002/1Y7/02_1.jpg,80859,76
image_resized/K/002/1Y7/02_2.jpg,80859,76
image_resized/K/002/1Y6/02_1.jpg,80858,76
image_resized/K/002/1Y6/02_2.jpg,80858,76
image_resized/K/002/1Y6/02_3.jpg,80858,76
image_resized/K/000/XPA/0D_1.jpg,36628,76
image_resized/K/000/XPA/0D_2.jpg,36628,76
image_resized/K/000/XPA/0D_3.jpg,36628,76
image_resized/K/000/XPA/0D_6.jpg,36628,76
image_resized/K/000/XPA/0D_7.jpg,36628,76
image_resized/P/001/HVG/01_1.jpg,59958,76
image_resized/P/001/HVG/01_2.jpg,59958,76
image_resized/P/001/HVG/01_3.jpg,59958,76
image_resized/K/001/NTC/04_1.jpg,65666,76
image_resized/K/001/NTC/04_2.jpg,65666,76
image_resized/K/001/NTC/04_3.jpg,65666,76
image_resized/K/001/NTC/04_4.jpg,65666,76
image_resized/K/004/34M/03_1.jpg,160841,76
image_resized/K/004/34M/03_2.jpg,160841,76
image_resized/K/004/34M/03_3.jpg,160841,76
image_resized/K/004/34M/03_4.jpg,160841,76
image_resized/K/007/UHG/01_1.jpg,308090,76
image_resized/K/007/UHG/01_2.jpg,308090,76
image_resized/K/007/UHG/01_3.jpg,308090,76
image_resized/K/00K/D5Z/01_1.jpg,762011,76
image_resized/K/00K/D5Z/01_2.jpg,762011,76
image_resized/K/00K/D5Z/01_3.jpg,762011,76
image_resized/K/00L/MK4/00_1.jpg,811006,76
image_resized/K/00L/MK4/00_2.jpg,811006,76
image_resized/K/00L/MK4/00_3.jpg,811006,76
image_resized/K/00L/MK5/00_1.jpg,811007,76
image_resized/K/00L/MK5/00_2.jpg,811007,76
image_resized/K/00L/MK5/00_3.jpg,811007,76
image_resized/K/00R/N4Y/00_1.jpg,1008200,76
image_resized/K/00R/N4Y/00_2.jpg,1008200,76
image_resized/K/00R/N4Y/00_3.jpg,1008200,76
image_resized/K/00R/N4Y/00_4.jpg,1008200,76
image_resized/K/00L/ATA/00_1.jpg,798568,76
image_resized/K/00L/ATA/00_2.jpg,798568,76
image_resized/K/00L/ATA/00_3.jpg,798568,76
image_resized/K/00L/ATB/00_1.jpg,798569,76
image_resized/K/00L/ATB/00_2.jpg,798569,76
image_resized/K/00L/ATB/00_3.jpg,798569,76
image_resized/K/000/XPB/0J_1.jpg,36629,76
image_resized/K/000/XPB/0J_2.jpg,36629,76
image_resized/K/000/XPB/0J_3.jpg,36629,76
image_resized/K/00T/G28/00_1.jpg,1079780,76
image_resized/K/00T/G28/00_2.jpg,1079780,76
image_resized/K/00T/G28/00_3.jpg,1079780,76
image_resized/K/00T/G2A/00_1.jpg,1079782,76
image_resized/K/00T/G2A/00_2.jpg,1079782,76
image_resized/K/00T/G2A/00_3.jpg,1079782,76
image_resized/K/006/7DD/01_1.jpg,244371,76
image_resized/K/006/7DD/01_2.jpg,244371,76
image_resized/K/006/7DD/01_3.jpg,244371,76
image_resized/K/00U/E8E/00_1.jpg,1116982,76
image_resized/K/00U/E8E/00_2.jpg,1116982,76
image_resized/K/00U/E8E/00_3.jpg,1116982,76
image_resized/K/00U/E8E/00_4.jpg,1116982,76
image_resized/K/00U/E8E/00_5.jpg,1116982,76
image_resized/K/00U/E8F/00_1.jpg,1116983,76
image_resized/K/00U/E8F/00_2.jpg,1116983,76
image_resized/K/00U/E8F/00_3.jpg,1116983,76
image_resized/K/00U/E8F/00_4.jpg,1116983,76
image_resized/K/00U/E8F/00_5.jpg,1116983,76
image_resized/K/00T/G2A/01_1.jpg,1079782,76
image_resized/K/00T/G2A/01_2.jpg,1079782,76
image_resized/K/00T/G2A/01_3.jpg,1079782,76
image_resized/K/00T/G2A/01_4.jpg,1079782,76
image_resized/K/00T/G28/01_1.jpg,1079780,76
image_resized/K/00T/G28/01_2.jpg,1079780,76
image_resized/K/00T/G28/01_3.jpg,1079780,76
image_resized/K/00T/G28/01_4.jpg,1079780,76
image_resized/K/001/HVG/2S_1.jpg,59958,76
image_resized/K/001/HVG/2S_2.jpg,59958,76
image_resized/K/001/HVG/2S_3.jpg,59958,76
image_resized/K/001/HVG/2S_4.jpg,59958,76
image_resized/K/00M/Y47/00_1.jpg,862519,76
image_resized/K/00M/Y47/00_2.jpg,862519,76
image_resized/K/00M/Y47/00_3.jpg,862519,76
image_resized/K/00M/Y47/00_4.jpg,862519,76
image_resized/K/00M/Y45/00_1.jpg,862517,76
image_resized/K/00M/Y45/00_2.jpg,862517,76
image_resized/K/00M/Y45/00_3.jpg,862517,76
image_resized/K/00M/Y45/00_4.jpg,862517,76
image_resized/K/00Q/T74/00_1.jpg,974750,76
image_resized/K/000/96K/03_1.jpg,10627,80
image_resized/K/000/96K/03_2.jpg,10627,80
image_resized/K/000/96K/03_3.jpg,10627,80
image_resized/K/000/VWX/03_1.jpg,34575,80
image_resized/K/000/VWX/03_2.jpg,34575,80
image_resized/K/000/VWX/03_3.jpg,34575,80
image_resized/K/000/WSM/05_1.jpg,35585,80
image_resized/K/000/X8W/01_1.jpg,36138,80
image_resized/K/000/X8W/01_2.jpg,36138,80
image_resized/K/000/X8W/01_3.jpg,36138,80
image_resized/K/000/X8W/01_4.jpg,36138,80
image_resized/K/000/XAY/03_1.jpg,36208,80
image_resized/K/000/XAY/03_2.jpg,36208,80
image_resized/K/000/XAY/03_3.jpg,36208,80
image_resized/K/000/Y0X/02_1.jpg,37023,80
image_resized/K/000/Y0X/02_2.jpg,37023,80
image_resized/K/000/Y0X/02_3.jpg,37023,80
image_resized/K/000/Y0Y/03_1.jpg,37024,80
image_resized/K/000/Y0Y/03_2.jpg,37024,80
image_resized/K/000/Y0Y/03_3.jpg,37024,80
image_resized/K/000/YS5/05_1.jpg,37881,80
image_resized/K/000/YS5/05_2.jpg,37881,80
image_resized/K/000/YS5/05_3.jpg,37881,80
image_resized/K/000/YS5/05_4.jpg,37881,80
image_resized/K/000/YS5/05_5.jpg,37881,80
image_resized/K/000/ZM1/01_1.jpg,38863,80
image_resized/K/000/ZM1/01_2.jpg,38863,80
image_resized/K/000/ZM1/02_1.jpg,38863,80
image_resized/K/000/ZM1/02_2.jpg,38863,80
image_resized/K/001/022/03_1.jpg,39374,80
image_resized/K/001/022/03_2.jpg,39374,80
image_resized/K/001/1TT/06_1.jpg,41405,80
image_resized/K/001/1TT/06_1.jpg,41405,80
image_resized/K/001/1TT/06_1.jpg,41405,80
image_resized/K/001/1TT/06_2.jpg,41405,80
image_resized/K/001/1TT/06_2.jpg,41405,80
image_resized/K/001/1TT/06_2.jpg,41405,80
image_resized/K/001/1TT/06_3.jpg,41405,80
image_resized/K/001/1TT/06_3.jpg,41405,80
image_resized/K/001/1TT/06_3.jpg,41405,80
image_resized/K/001/1TT/06_4.jpg,41405,80
image_resized/K/001/1TT/06_4.jpg,41405,80
image_resized/K/001/1TT/06_4.jpg,41405,80
image_resized/K/001/1TX/03_1.jpg,41409,80
image_resized/K/001/1TX/03_1.jpg,41409,80
image_resized/K/001/1TX/03_2.jpg,41409,80
image_resized/K/001/1TX/03_2.jpg,41409,80
image_resized/K/001/2JK/01_1.jpg,42247,80
image_resized/K/001/2JK/01_2.jpg,42247,80
image_resized/K/001/6G2/03_1.jpg,46786,80
image_resized/K/001/6G2/03_2.jpg,46786,80
image_resized/K/001/6G5/02_1.jpg,46789,80
image_resized/K/001/6G5/02_2.jpg,46789,80
image_resized/K/001/6UL/01_1.jpg,47212,80
image_resized/K/001/6UL/01_2.jpg,47212,80
image_resized/K/001/6UL/01_3.jpg,47212,80
image_resized/K/001/8VD/01_1.jpg,49551,80
image_resized/K/001/8VD/01_2.jpg,49551,80
image_resized/K/001/8VD/07_1.jpg,49551,80
image_resized/K/001/8VD/07_2.jpg,49551,80
image_resized/K/001/C44/01_1.jpg,53316,80
image_resized/K/001/C44/01_2.jpg,53316,80
image_resized/K/001/C44/03_1.jpg,53316,80
image_resized/K/001/C44/03_2.jpg,53316,80
image_resized/K/001/C45/03_1.jpg,53317,80
image_resized/K/001/C45/03_2.jpg,53317,80
image_resized/K/001/CRA/04_1.jpg,54036,80
image_resized/K/001/CRA/04_2.jpg,54036,80
image_resized/K/001/CRA/06_1.jpg,54036,80
image_resized/K/001/CRA/06_2.jpg,54036,80
image_resized/K/001/CRA/07_1.jpg,54036,80
image_resized/K/001/CRA/07_2.jpg,54036,80
image_resized/K/001/ETG/01_1.jpg,56422,80
image_resized/K/001/ETG/01_2.jpg,56422,80
image_resized/K/001/ETG/01_3.jpg,56422,80
image_resized/K/001/ETG/01_4.jpg,56422,80
image_resized/K/001/ETG/01_5.jpg,56422,80
image_resized/K/001/ETG/01_6.jpg,56422,80
image_resized/K/001/ETG/01_7.jpg,56422,80
image_resized/K/001/ETG/01_8.jpg,56422,80
image_resized/K/001/K67/01_1.jpg,61479,80
image_resized/K/001/K67/01_2.jpg,61479,80
image_resized/K/001/K68/01_1.jpg,61480,80
image_resized/K/001/K68/01_2.jpg,61480,80
image_resized/K/001/L9Q/01_1.jpg,62754,80
image_resized/K/001/L9Q/01_2.jpg,62754,80
image_resized/K/001/LHU/03_1.jpg,63030,80
image_resized/K/001/LHU/03_2.jpg,63030,80
image_resized/K/001/MLK/01_1.jpg,1275766,80
image_resized/K/001/MLK/01_2.jpg,1275766,80
image_resized/K/001/MLK/01_3.jpg,1275766,80
image_resized/K/001/MLK/01_4.jpg,1275766,80
image_resized/K/001/N3A/01_1.jpg,64848,80
image_resized/K/001/N3A/01_2.jpg,64848,80
image_resized/K/001/NJU/03_1.jpg,65376,80
image_resized/K/001/NJU/03_2.jpg,65376,80
image_resized/K/001/UCK/03_1.jpg,72099,80
image_resized/K/001/UCK/03_2.jpg,72099,80
image_resized/K/001/UCK/03_3.jpg,72099,80
image_resized/K/001/UCK/03_4.jpg,72099,80
image_resized/L/001/FYX/01_1.jpg,57763,84
image_resized/L/001/FYX/01_2.jpg,57763,84
image_resized/K/000/Q3M/03_1.jpg,27867,84
image_resized/K/000/Q3M/03_2.jpg,27867,84
image_resized/K/000/Q61/05_1.jpg,27949,84
image_resized/K/000/Q61/05_2.jpg,27949,84
image_resized/K/000/QBK/09_1.jpg,724609,84
image_resized/K/000/QBK/09_2.jpg,724609,84
image_resized/K/000/UNY/01_1.jpg,33148,84
image_resized/K/000/UNY/01_1.jpg,33148,84
image_resized/K/000/UNY/01_2.jpg,33148,84
image_resized/K/000/UNY/01_2.jpg,33148,84
image_resized/K/000/UNY/01_3.jpg,33148,84
image_resized/K/000/UNY/01_3.jpg,33148,84
image_resized/K/000/UNY/02_1.jpg,33148,84
image_resized/K/000/UNY/02_1.jpg,33148,84
image_resized/K/000/UNY/02_2.jpg,33148,84
image_resized/K/000/UNY/02_2.jpg,33148,84
image_resized/K/000/UNY/02_3.jpg,33148,84
image_resized/K/000/UNY/02_3.jpg,33148,84
image_resized/K/000/VWY/05_1.jpg,34576,84
image_resized/K/000/VWY/05_2.jpg,34576,84
image_resized/K/000/VWY/05_3.jpg,34576,84
image_resized/K/000/VWZ/03_1.jpg,34577,84
image_resized/K/000/VWZ/03_2.jpg,34577,84
image_resized/K/000/VWZ/03_3.jpg,34577,84
image_resized/K/001/1MK/03_1.jpg,41193,84
image_resized/K/001/1MK/03_2.jpg,41193,84
image_resized/K/001/1MK/05_1.jpg,41193,84
image_resized/K/001/1MK/05_2.jpg,41193,84
image_resized/K/001/5WG/01_1.jpg,46120,84
image_resized/K/001/5WG/01_2.jpg,46120,84
image_resized/K/001/5WG/01_3.jpg,46120,84
image_resized/K/001/5WG/01_4.jpg,46120,84
image_resized/K/001/5WG/02_1.jpg,46120,84
image_resized/K/001/5WG/02_2.jpg,46120,84
image_resized/K/001/5WG/02_3.jpg,46120,84
image_resized/K/001/5WG/02_4.jpg,46120,84
image_resized/K/001/5WJ/01_1.jpg,46122,84
image_resized/K/001/5WJ/01_2.jpg,46122,84
image_resized/K/001/5WJ/01_3.jpg,46122,84
image_resized/K/001/5WJ/01_4.jpg,46122,84
image_resized/K/001/5WJ/02_1.jpg,46122,84
image_resized/K/001/5WJ/02_2.jpg,46122,84
image_resized/K/001/5WJ/02_3.jpg,46122,84
image_resized/K/001/5WJ/02_4.jpg,46122,84
image_resized/K/001/5WJ/02_5.jpg,46122,84
image_resized/K/001/5WJ/03_1.jpg,46122,84
image_resized/K/001/5WJ/03_2.jpg,46122,84
image_resized/K/001/5WJ/03_3.jpg,46122,84
image_resized/K/001/5WJ/03_4.jpg,46122,84
image_resized/K/001/BXT/01_1.jpg,53101,84
image_resized/K/001/BXT/01_2.jpg,53101,84
image_resized/K/001/BXT/02_1.jpg,53101,84
image_resized/K/001/BXT/02_2.jpg,53101,84
image_resized/K/001/BXU/03_1.jpg,53102,84
image_resized/K/001/BXU/03_2.jpg,53102,84
image_resized/K/001/CTH/04_1.jpg,54111,84
image_resized/K/001/CTH/04_2.jpg,54111,84
image_resized/K/001/DAQ/01_1.jpg,54696,84
image_resized/K/001/DAQ/01_2.jpg,54696,84
image_resized/K/001/FHA/02_1.jpg,57232,84
image_resized/K/001/FHA/02_2.jpg,57232,84
image_resized/K/001/FHB/01_1.jpg,57233,84
image_resized/K/001/FHB/01_2.jpg,57233,84
image_resized/K/001/FHB/02_1.jpg,57233,84
image_resized/K/001/FHB/02_2.jpg,57233,84
image_resized/K/001/J5R/01_1.jpg,60307,84
image_resized/K/001/J5R/01_2.jpg,60307,84
image_resized/K/001/JUC/02_1.jpg,61076,84
image_resized/K/001/JUC/02_2.jpg,61076,84
image_resized/K/001/JUC/03_1.jpg,61076,84
image_resized/K/001/JUC/03_2.jpg,61076,84
image_resized/K/001/KP6/01_1.jpg,62056,84
image_resized/K/001/KP6/01_2.jpg,62056,84
image_resized/K/001/KP6/02_1.jpg,62056,84
image_resized/K/001/KP6/02_2.jpg,62056,84
image_resized/K/001/KP6/03_1.jpg,62056,84
image_resized/K/001/KP6/03_2.jpg,62056,84
image_resized/K/001/L0L/02_1.jpg,676682,84
image_resized/K/001/L0L/02_2.jpg,676682,84
image_resized/K/001/L4R/01_1.jpg,62585,84
image_resized/K/001/L4R/01_2.jpg,62585,84
image_resized/K/001/L4R/01_3.jpg,62585,84
image_resized/K/001/L4R/03_1.jpg,62585,84
image_resized/K/001/L4R/03_2.jpg,62585,84
image_resized/K/001/L4R/03_3.jpg,62585,84
image_resized/K/001/LHV/0B_1.jpg,63031,84
image_resized/K/001/LHV/0B_2.jpg,63031,84
image_resized/K/001/LHV/0B_3.jpg,63031,84
image_resized/K/001/LHV/0C_1.jpg,63031,84
image_resized/K/001/LHV/0C_2.jpg,63031,84
image_resized/K/001/LHV/0C_3.jpg,63031,84
image_resized/K/001/LHV/0C_4.jpg,63031,84
image_resized/K/001/LHW/0C_1.jpg,63032,84
image_resized/K/001/LHW/0C_2.jpg,63032,84
image_resized/K/001/LHW/0C_3.jpg,63032,84
image_resized/K/001/LJC/01_1.jpg,63048,84
image_resized/K/001/LJC/01_2.jpg,63048,84
image_resized/K/001/LJC/01_3.jpg,63048,84
image_resized/K/000/QWS/04_1.jpg,28790,86
image_resized/K/000/QWS/04_2.jpg,28790,86
image_resized/K/000/QWS/04_3.jpg,28790,86
image_resized/K/001/1FU/01_1.jpg,40998,86
image_resized/K/001/1FU/01_2.jpg,40998,86
image_resized/K/001/1FV/01_1.jpg,40999,86
image_resized/K/001/1FV/01_2.jpg,40999,86
image_resized/K/002/1D0/01_1.jpg,80206,86
image_resized/K/002/1D0/01_2.jpg,80206,86
image_resized/K/002/1D1/01_1.jpg,80207,86
image_resized/K/002/1D1/01_2.jpg,80207,86
image_resized/K/000/E1S/01_1.jpg,16244,86
image_resized/K/000/E1S/01_2.jpg,16244,86
image_resized/K/000/E1S/01_3.jpg,16244,86
image_resized/K/000/E1S/02_1.jpg,16244,86
image_resized/K/000/E1S/02_2.jpg,16244,86
image_resized/K/000/E1T/02_1.jpg,16245,86
image_resized/K/000/E1T/02_2.jpg,16245,86
image_resized/K/000/E1T/02_3.jpg,16245,86
image_resized/K/000/FQD/04_1.jpg,18169,86
image_resized/K/000/FQE/04_1.jpg,18170,86
image_resized/K/000/FQE/05_1.jpg,18170,86
image_resized/K/000/FQE/05_2.jpg,18170,86
image_resized/K/000/FQE/05_3.jpg,18170,86
image_resized/K/000/GGY/02_1.jpg,19072,86
image_resized/K/000/GGY/03_1.jpg,19072,86
image_resized/K/000/GGY/04_1.jpg,19072,86
image_resized/K/000/GGZ/03_1.jpg,19073,86
image_resized/K/000/GMS/03_1.jpg,19236,86
image_resized/K/000/GMS/03_2.jpg,19236,86
image_resized/K/000/GMS/03_3.jpg,19236,86
image_resized/K/000/GMS/03_4.jpg,19236,86
image_resized/K/000/GMS/03_5.jpg,19236,86
image_resized/K/000/GMS/04_1.jpg,19236,86
image_resized/K/000/GMS/04_2.jpg,19236,86
image_resized/K/000/GMS/04_3.jpg,19236,86
image_resized/K/000/GMS/04_4.jpg,19236,86
image_resized/K/000/GMS/04_5.jpg,19236,86
image_resized/K/000/GMT/02_1.jpg,19237,86
image_resized/K/000/GMT/02_2.jpg,19237,86
image_resized/K/000/GMT/02_3.jpg,19237,86
image_resized/K/000/GMT/02_4.jpg,19237,86
image_resized/K/000/GMT/02_5.jpg,19237,86
image_resized/K/000/GMT/03_1.jpg,19237,86
image_resized/K/000/GMT/03_2.jpg,19237,86
image_resized/K/000/GMT/03_3.jpg,19237,86
image_resized/K/000/GMT/03_4.jpg,19237,86
image_resized/K/000/GMT/03_5.jpg,19237,86
image_resized/K/000/HPK/01_1.jpg,20453,86
image_resized/K/000/HPK/01_2.jpg,20453,86
image_resized/K/000/HPK/01_3.jpg,20453,86
image_resized/K/000/HPL/02_1.jpg,20454,86
image_resized/K/000/HPL/02_2.jpg,20454,86
image_resized/K/000/HPL/02_3.jpg,20454,86
image_resized/K/000/HPL/02_4.jpg,20454,86
image_resized/K/000/HPL/02_5.jpg,20454,86
image_resized/K/000/HY9/01_1.jpg,20749,86
image_resized/K/000/HY9/01_2.jpg,20749,86
image_resized/K/000/HY9/02_1.jpg,20749,86
image_resized/K/000/HY9/02_2.jpg,20749,86
image_resized/K/000/HY9/03_1.jpg,20749,86
image_resized/K/000/HY9/03_2.jpg,20749,86
image_resized/K/000/HYA/01_1.jpg,20750,86
image_resized/K/000/HYA/01_2.jpg,20750,86
image_resized/K/000/HYA/02_1.jpg,20750,86
image_resized/K/000/HYA/02_2.jpg,20750,86
image_resized/K/000/HYA/03_1.jpg,20750,86
image_resized/K/000/HYA/03_2.jpg,20750,86
image_resized/K/000/J1D/04_1.jpg,20855,86
image_resized/K/000/J1D/04_2.jpg,20855,86
image_resized/K/000/J1E/03_1.jpg,20856,86
image_resized/K/000/J1E/03_2.jpg,20856,86
image_resized/K/000/J1E/04_1.jpg,20856,86
image_resized/K/000/J1E/04_2.jpg,20856,86
image_resized/K/000/JL3/0D_1.jpg,21491,86
image_resized/K/000/JL3/0D_2.jpg,21491,86
image_resized/K/000/JL3/0D_3.jpg,21491,86
image_resized/K/000/JMQ/0A_1.jpg,21546,86
image_resized/K/000/JMQ/0A_2.jpg,21546,86
image_resized/K/000/JMQ/0C_1.jpg,21546,86
image_resized/K/000/JMQ/0D_1.jpg,21546,86
image_resized/K/000/JMQ/0E_1.jpg,21546,86
image_resized/K/000/JMQ/0E_2.jpg,21546,86
image_resized/K/000/JMQ/0E_3.jpg,21546,86
image_resized/K/000/JMR/0B_1.jpg,21547,86
image_resized/K/000/JMR/0B_2.jpg,21547,86
image_resized/K/000/JMR/0D_1.jpg,21547,86
image_resized/K/000/JMR/0E_1.jpg,21547,86
image_resized/K/000/JMR/0E_2.jpg,21547,86
image_resized/K/000/JMR/0E_3.jpg,21547,86
image_resized/K/000/JPB/05_1.jpg,21601,86
image_resized/K/000/JPD/05_1.jpg,21603,86
image_resized/K/000/PJZ/01_1.jpg,27233,86
image_resized/K/000/PJZ/01_2.jpg,27233,86
image_resized/K/000/PJZ/01_3.jpg,27233,86
image_resized/K/000/PXH/04_1.jpg,27659,86
image_resized/K/000/PXH/04_2.jpg,27659,86
image_resized/K/000/PXH/04_3.jpg,27659,86
image_resized/K/000/QA1/03_1.jpg,28085,86
image_resized/K/000/QA1/03_2.jpg,28085,86
image_resized/K/000/XLH/08_1.jpg,36533,87
image_resized/K/000/XLH/08_2.jpg,36533,87
image_resized/K/000/XLH/08_3.jpg,36533,87
image_resized/K/001/RZP/01_1.jpg,69349,87
image_resized/K/001/RZP/01_2.jpg,69349,87
image_resized/K/001/RZP/01_3.jpg,69349,87
image_resized/K/004/LM8/02_1.jpg,181058,87
image_resized/K/004/LM8/02_2.jpg,181058,87
image_resized/K/004/LM8/02_3.jpg,181058,87
image_resized/K/004/LM8/08_1.jpg,181058,87
image_resized/K/004/LM8/08_2.jpg,181058,87
image_resized/K/004/LM8/08_3.jpg,181058,87
image_resized/K/004/LM8/08_4.jpg,181058,87
image_resized/K/004/LM9/04_1.jpg,181059,87
image_resized/K/004/LM9/04_2.jpg,181059,87
image_resized/K/004/LM9/04_3.jpg,181059,87
image_resized/K/004/LM9/05_1.jpg,181059,87
image_resized/K/004/LM9/05_2.jpg,181059,87
image_resized/K/004/LM9/05_3.jpg,181059,87
image_resized/K/004/LM9/07_1.jpg,181059,87
image_resized/K/004/LM9/07_2.jpg,181059,87
image_resized/K/006/FBW/01_1.jpg,253568,87
image_resized/K/006/FBW/01_2.jpg,253568,87
image_resized/K/006/FBW/01_3.jpg,253568,87
image_resized/K/006/QZ3/02_1.jpg,264693,87
image_resized/K/006/QZ3/02_2.jpg,264693,87
image_resized/K/008/EZK/01_1.jpg,529177,87
image_resized/K/008/EZK/01_2.jpg,529177,87
image_resized/K/008/EZK/01_3.jpg,529177,87
image_resized/K/008/EZK/01_4.jpg,529177,87
image_resized/K/004/LM8/0A_1.jpg,181058,87
image_resized/K/004/LM8/0A_2.jpg,181058,87
image_resized/K/004/LM8/0A_3.jpg,181058,87
image_resized/K/000/XLG/08_1.jpg,36532,87
image_resized/K/000/XLG/08_2.jpg,36532,87
image_resized/K/000/XLG/08_3.jpg,36532,87
image_resized/K/000/XLG/08_4.jpg,36532,87
image_resized/K/000/XLG/08_5.jpg,36532,87
image_resized/K/000/XLG/08_6.jpg,36532,87
image_resized/K/006/FBW/02_1.jpg,253568,87
image_resized/K/006/FBW/02_2.jpg,253568,87
image_resized/K/006/FBW/02_3.jpg,253568,87
image_resized/K/00J/CMK/00_1.jpg,722077,87
image_resized/K/00J/CMK/00_2.jpg,722077,87
image_resized/K/00J/CMK/00_3.jpg,722077,87
image_resized/K/00J/CMK/00_4.jpg,722077,87
image_resized/K/00J/CMK/00_5.jpg,722077,87
image_resized/K/00J/CMK/03_1.jpg,722077,87
image_resized/K/00J/CMK/03_2.jpg,722077,87
image_resized/K/00J/CML/01_1.jpg,722078,87
image_resized/K/00J/CML/01_2.jpg,722078,87
image_resized/K/00M/QAG/00_1.jpg,853484,87
image_resized/K/00M/QAG/00_2.jpg,853484,87
image_resized/K/00M/QAG/00_3.jpg,853484,87
image_resized/K/00M/QAG/00_4.jpg,853484,87
image_resized/K/00M/WS6/00_1.jpg,1012728,87
image_resized/K/00M/WS6/00_2.jpg,1012728,87
image_resized/K/00M/WS6/00_3.jpg,1012728,87
image_resized/K/00M/WS6/00_4.jpg,1012728,87
image_resized/K/006/6L3/04_1.jpg,886902,87
image_resized/K/006/6L3/04_2.jpg,886902,87
image_resized/K/006/6L3/04_3.jpg,886902,87
image_resized/K/006/6L3/04_4.jpg,886902,87
image_resized/K/006/6L4/05_1.jpg,886901,87
image_resized/K/006/6L4/05_2.jpg,886901,87
image_resized/K/006/6L4/05_3.jpg,886901,87
image_resized/K/006/6L4/05_4.jpg,886901,87
image_resized/K/00T/C3N/00_1.jpg,1075204,87
image_resized/K/00T/C3N/00_2.jpg,1075204,87
image_resized/K/00T/C3N/00_3.jpg,1075204,87
image_resized/K/00U/128/00_1.jpg,1101744,87
image_resized/K/00U/128/00_2.jpg,1101744,87
image_resized/K/00U/128/00_3.jpg,1101744,87
image_resized/K/00M/L3T/01_1.jpg,848633,87
image_resized/K/00M/L3T/01_2.jpg,848633,87
image_resized/K/00M/L3T/01_3.jpg,848633,87
image_resized/K/00U/HDJ/00_1.jpg,1120625,87
image_resized/K/00U/HDJ/00_2.jpg,1120625,87
image_resized/K/00U/HDJ/00_3.jpg,1120625,87
image_resized/K/00U/HDJ/00_4.jpg,1120625,87
image_resized/K/00V/S6D/00_1.jpg,1170089,87
image_resized/K/00V/S6D/00_2.jpg,1170089,87
image_resized/K/00V/S6D/00_3.jpg,1170089,87
image_resized/K/00V/S6D/00_4.jpg,1170089,87
image_resized/K/00V/S6C/00_1.jpg,1170088,87
image_resized/K/00V/S6C/00_2.jpg,1170088,87
image_resized/K/00V/S6C/00_3.jpg,1170088,87
image_resized/K/00V/S6C/00_4.jpg,1170088,87
image_resized/K/00K/VNR/02_1.jpg,781073,87
image_resized/K/00K/VNR/02_2.jpg,781073,87
image_resized/K/00K/VNR/02_3.jpg,781073,87
image_resized/K/00R/S1V/00_1.jpg,1012719,87
image_resized/K/00R/S1V/00_2.jpg,1012719,87
image_resized/K/00R/S1V/00_3.jpg,1012719,87
image_resized/K/00R/S1V/00_4.jpg,1012719,87
image_resized/K/00R/S1W/00_1.jpg,1012720,87
image_resized/K/005/YUR/01_1.jpg,487885,92
image_resized/K/005/YUR/01_2.jpg,487885,92
image_resized/K/005/YUR/02_1.jpg,487885,92
image_resized/K/005/YUR/02_2.jpg,487885,92
image_resized/K/006/18B/01_1.jpg,490081,92
image_resized/K/006/18B/01_2.jpg,490081,92
image_resized/K/006/18C/02_1.jpg,490080,92
image_resized/K/006/18C/02_2.jpg,490080,92
image_resized/K/009/23K/01_1.jpg,487352,92
image_resized/K/009/23K/01_2.jpg,487352,92
image_resized/K/009/23K/01_3.jpg,487352,92
image_resized/K/009/23K/01_4.jpg,487352,92
image_resized/K/009/23K/01_5.jpg,487352,92
image_resized/K/009/23K/01_6.jpg,487352,92
image_resized/K/00A/KGJ/01_1.jpg,953723,92
image_resized/K/00A/KGJ/01_2.jpg,953723,92
image_resized/K/00A/KGJ/01_3.jpg,953723,92
image_resized/K/00B/SH4/00_1.jpg,462982,92
image_resized/K/00B/SH4/00_2.jpg,462982,92
image_resized/K/00B/SH4/01_1.jpg,462982,92
image_resized/K/00B/SH4/01_2.jpg,462982,92
image_resized/K/00B/SH4/02_1.jpg,462982,92
image_resized/K/00B/SH4/02_2.jpg,462982,92
image_resized/K/00B/SHA/01_1.jpg,462988,92
image_resized/K/00B/SHA/01_2.jpg,462988,92
image_resized/K/00G/1DB/00_1.jpg,630473,92
image_resized/K/00G/1DB/00_2.jpg,630473,92
image_resized/K/00G/1DB/00_3.jpg,630473,92
image_resized/K/00G/1DB/00_4.jpg,630473,92
image_resized/K/00G/1DB/01_1.jpg,630473,92
image_resized/K/00G/1DB/01_2.jpg,630473,92
image_resized/K/00G/1DB/01_3.jpg,630473,92
image_resized/K/00G/P17/00_1.jpg,655493,92
image_resized/K/00G/P17/00_2.jpg,655493,92
image_resized/K/00G/P17/00_3.jpg,655493,92
image_resized/K/00G/P17/00_4.jpg,655493,92
image_resized/K/00G/P18/00_1.jpg,655494,92
image_resized/K/00G/P18/00_2.jpg,655494,92
image_resized/K/00G/P18/00_3.jpg,655494,92
image_resized/K/00G/P18/00_4.jpg,655494,92
image_resized/K/00G/P19/00_1.jpg,655495,92
image_resized/K/00G/P19/00_2.jpg,655495,92
image_resized/K/00G/P19/00_3.jpg,655495,92
image_resized/K/00G/P19/00_4.jpg,655495,92
image_resized/K/00G/P1A/00_1.jpg,655496,92
image_resized/K/00G/P1A/00_2.jpg,655496,92
image_resized/K/00G/P1A/00_3.jpg,655496,92
image_resized/K/00G/P1A/00_4.jpg,655496,92
image_resized/K/00G/PGL/00_1.jpg,656016,92
image_resized/K/00G/PGL/00_2.jpg,656016,92
image_resized/K/00G/PGL/00_3.jpg,656016,92
image_resized/K/00G/PGL/00_4.jpg,656016,92
image_resized/K/00G/PGN/00_1.jpg,656018,92
image_resized/K/00G/PGN/00_2.jpg,656018,92
image_resized/K/00G/PGN/00_3.jpg,656018,92
image_resized/K/00G/PGN/00_4.jpg,656018,92
image_resized/K/00G/PGP/00_1.jpg,656019,92
image_resized/K/00G/PGP/00_2.jpg,656019,92
image_resized/K/00G/PGP/00_3.jpg,656019,92
image_resized/K/00G/PGP/00_4.jpg,656019,92
image_resized/K/00A/KGJ/02_1.jpg,953723,92
image_resized/K/00A/KGJ/02_2.jpg,953723,92
image_resized/K/00A/KGJ/02_3.jpg,953723,92
image_resized/K/00A/KGJ/03_1.jpg,953723,92
image_resized/K/00A/KGJ/03_2.jpg,953723,92
image_resized/K/00A/KGJ/03_3.jpg,953723,92
image_resized/K/00G/RGB/00_1.jpg,658319,92
image_resized/K/00G/RGB/00_2.jpg,658319,92
image_resized/K/00G/RGB/00_3.jpg,658319,92
image_resized/K/00A/KGJ/04_1.jpg,953723,92
image_resized/K/00A/KGJ/04_2.jpg,953723,92
image_resized/K/00A/KGJ/04_3.jpg,953723,92
image_resized/K/00A/KGJ/05_1.jpg,953723,92
image_resized/K/00A/KGJ/05_2.jpg,953723,92
image_resized/K/00A/KGJ/05_3.jpg,953723,92
image_resized/K/00G/RGB/01_1.jpg,658319,92
image_resized/K/00G/RGB/01_2.jpg,658319,92
image_resized/K/00G/RGB/01_3.jpg,658319,92
image_resized/K/00G/RGC/01_1.jpg,658320,92
image_resized/K/00G/RGC/01_2.jpg,658320,92
image_resized/K/00G/RGC/01_3.jpg,658320,92
image_resized/K/00G/P19/01_1.jpg,954303,92
image_resized/K/00G/P19/01_2.jpg,954303,92
image_resized/K/00G/P19/01_3.jpg,954303,92
image_resized/K/00G/P19/01_4.jpg,954303,92
image_resized/K/00G/P19/01_5.jpg,954303,92
image_resized/K/00G/P1A/01_1.jpg,954302,92
image_resized/K/00G/P1A/01_2.jpg,954302,92
image_resized/K/00G/P1A/01_3.jpg,954302,92
image_resized/K/00G/P1A/01_4.jpg,954302,92
image_resized/K/00G/P1A/01_5.jpg,954302,92
image_resized/K/00G/P17/01_1.jpg,954305,92
image_resized/K/00G/P17/01_2.jpg,954305,92
image_resized/K/00G/P17/01_3.jpg,954305,92
image_resized/K/00G/P17/01_4.jpg,954305,92
image_resized/K/00G/P17/01_5.jpg,954305,92
image_resized/K/00G/P18/01_1.jpg,954304,92
image_resized/K/00G/P18/01_2.jpg,954304,92
image_resized/K/00G/P18/01_3.jpg,954304,92
image_resized/K/00G/P18/01_4.jpg,954304,92
image_resized/K/000/8KX/03_1.jpg,9925,97
image_resized/K/000/AMG/2R_1.jpg,12290,97
image_resized/K/000/AMG/37_1.jpg,12290,97
image_resized/K/000/AMG/37_2.jpg,12290,97
image_resized/K/000/AMG/37_3.jpg,12290,97
image_resized/K/000/DN9/08_1.jpg,15785,97
image_resized/K/000/DN9/08_2.jpg,15785,97
image_resized/K/000/DN9/08_3.jpg,15785,97
image_resized/K/000/E1V/02_1.jpg,16247,97
image_resized/K/000/E1V/02_2.jpg,16247,97
image_resized/K/000/E1V/02_3.jpg,16247,97
image_resized/K/000/E1X/02_1.jpg,16249,97
image_resized/K/000/E1X/02_2.jpg,16249,97
image_resized/K/000/E1X/02_3.jpg,16249,97
image_resized/K/000/E1X/03_1.jpg,16249,97
image_resized/K/000/E1X/03_2.jpg,16249,97
image_resized/K/000/E1X/03_3.jpg,16249,97
image_resized/K/000/GH1/06_1.jpg,19075,97
image_resized/K/000/GH1/06_2.jpg,19075,97
image_resized/K/000/GMU/02_1.jpg,19238,97
image_resized/K/000/GMU/02_2.jpg,19238,97
image_resized/K/000/GMU/02_3.jpg,19238,97
image_resized/K/000/GMU/02_4.jpg,19238,97
image_resized/K/000/GMU/02_5.jpg,19238,97
image_resized/K/000/GMU/03_1.jpg,19238,97
image_resized/K/000/GMU/03_2.jpg,19238,97
image_resized/K/000/GMU/03_3.jpg,19238,97
image_resized/K/000/GMU/03_4.jpg,19238,97
image_resized/K/000/GMU/03_5.jpg,19238,97
image_resized/K/000/GMV/02_1.jpg,19239,97
image_resized/K/000/GMV/02_2.jpg,19239,97
image_resized/K/000/GMV/02_3.jpg,19239,97
image_resized/K/000/GMV/02_4.jpg,19239,97
image_resized/K/000/GMV/02_5.jpg,19239,97
image_resized/K/000/GMV/03_1.jpg,19239,97
image_resized/K/000/HYB/02_1.jpg,20751,97
image_resized/K/000/HYB/02_2.jpg,20751,97
image_resized/K/000/HYB/02_3.jpg,20751,97
image_resized/K/000/HYB/03_1.jpg,20751,97
image_resized/K/000/HYB/03_2.jpg,20751,97
image_resized/K/000/HYC/02_1.jpg,20752,97
image_resized/K/000/HYC/02_2.jpg,20752,97
image_resized/K/000/HYC/02_3.jpg,20752,97
image_resized/K/000/HYC/03_1.jpg,20752,97
image_resized/K/000/HYC/03_2.jpg,20752,97
image_resized/K/000/J1F/04_1.jpg,20857,97
image_resized/K/000/J1F/04_2.jpg,20857,97
image_resized/K/000/J1G/03_1.jpg,20858,97
image_resized/K/000/J1G/03_2.jpg,20858,97
image_resized/K/000/J1G/03_3.jpg,20858,97
image_resized/K/000/J1G/03_4.jpg,20858,97
image_resized/K/000/J1G/04_1.jpg,20858,97
image_resized/K/000/J1G/04_2.jpg,20858,97
image_resized/K/000/JMS/0B_1.jpg,21548,97
image_resized/K/000/JMS/0D_1.jpg,21548,97
image_resized/K/000/JMS/0D_2.jpg,21548,97
image_resized/K/000/JMS/0D_3.jpg,21548,97
image_resized/K/000/JMT/0A_1.jpg,21549,97
image_resized/K/000/JMT/0B_1.jpg,21549,97
image_resized/K/000/JMT/0E_1.jpg,21549,97
image_resized/K/000/JMT/0E_2.jpg,21549,97
image_resized/K/000/JMT/0E_3.jpg,21549,97
image_resized/K/000/JPE/06_1.jpg,21604,97
image_resized/K/000/JPF/09_1.jpg,21605,97
image_resized/K/000/PK1/05_1.jpg,27235,97
image_resized/K/000/PK1/05_2.jpg,27235,97
image_resized/K/000/PK1/05_3.jpg,27235,97
image_resized/K/000/PZ5/01_1.jpg,27715,97
image_resized/K/000/PZ5/01_2.jpg,27715,97
image_resized/K/000/QD1/0E_1.jpg,28187,97
image_resized/K/000/QD1/0E_1.jpg,28187,97
image_resized/K/000/QD1/0E_2.jpg,28187,97
image_resized/K/000/QD1/0E_2.jpg,28187,97
image_resized/K/000/QD1/0E_3.jpg,28187,97
image_resized/K/000/QD1/0E_3.jpg,28187,97
image_resized/K/000/S6E/09_1.jpg,30274,97
image_resized/K/000/S6E/09_2.jpg,30274,97
image_resized/K/000/S7A/02_1.jpg,30304,97
image_resized/K/000/S7B/02_1.jpg,30305,97
image_resized/K/000/SFW/02_1.jpg,30596,97
image_resized/K/000/SFW/04_1.jpg,30596,97
image_resized/K/000/SFW/04_2.jpg,30596,97
image_resized/K/000/SFW/04_3.jpg,30596,97
image_resized/K/000/SFW/04_4.jpg,30596,97
image_resized/K/000/SFW/04_5.jpg,30596,97
image_resized/K/000/SLK/09_1.jpg,30755,97
image_resized/K/000/SLK/09_2.jpg,30755,97
image_resized/K/000/SLK/09_3.jpg,30755,97
image_resized/K/000/SLK/09_4.jpg,30755,97
image_resized/K/000/SLL/07_1.jpg,30756,97
image_resized/K/000/SLL/08_1.jpg,30756,97
image_resized/K/000/SLL/08_2.jpg,30756,97
image_resized/K/000/SLL/08_3.jpg,30756,97
image_resized/K/000/UGM/03_1.jpg,32933,97
image_resized/K/000/UGM/03_2.jpg,32933,97
image_resized/K/000/UGM/03_3.jpg,32933,97
image_resized/K/000/UGM/04_1.jpg,32933,97
image_resized/K/000/UGM/04_2.jpg,32933,97
image_resized/K/000/UGM/04_3.jpg,32933,97
image_resized/K/000/UGM/05_1.jpg,32933,97
image_resized/K/005/SG8/01_1.jpg,227128,98
image_resized/K/005/SG8/01_2.jpg,227128,98
image_resized/K/005/SG9/01_1.jpg,227129,98
image_resized/K/005/SG9/01_2.jpg,227129,98
image_resized/K/005/SG9/02_1.jpg,227129,98
image_resized/K/005/SG9/02_2.jpg,227129,98
image_resized/K/005/SG9/02_3.jpg,227129,98
image_resized/K/00E/09R/00_1.jpg,550587,98
image_resized/K/00E/09R/00_2.jpg,550587,98
image_resized/K/00E/09R/00_3.jpg,550587,98
image_resized/K/00E/HXK/00_1.jpg,570981,98
image_resized/K/00E/HXK/00_2.jpg,570981,98
image_resized/K/00E/HXL/00_1.jpg,570982,98
image_resized/K/00E/HXL/00_2.jpg,570982,98
image_resized/K/00E/09Q/00_1.jpg,550586,98
image_resized/K/00E/09Q/00_2.jpg,550586,98
image_resized/K/00E/09Q/00_3.jpg,550586,98
image_resized/K/00E/09Q/00_4.jpg,550586,98
image_resized/K/00E/09Q/00_5.jpg,550586,98
image_resized/K/00H/Z18/00_1.jpg,706358,98
image_resized/K/00H/Z18/00_2.jpg,706358,98
image_resized/K/00H/Z18/00_3.jpg,706358,98
image_resized/K/00H/Z18/00_4.jpg,706358,98
image_resized/K/00H/Z19/00_1.jpg,706359,98
image_resized/K/00H/Z19/00_2.jpg,706359,98
image_resized/K/00H/Z19/00_3.jpg,706359,98
image_resized/K/00H/Z19/00_4.jpg,706359,98
image_resized/K/00E/09R/01_1.jpg,550587,98
image_resized/K/00E/09R/01_2.jpg,550587,98
image_resized/K/00E/09R/01_3.jpg,550587,98
image_resized/K/00E/09R/01_4.jpg,550587,98
image_resized/K/00E/09R/01_5.jpg,550587,98
image_resized/K/00E/09R/01_6.jpg,550587,98
image_resized/K/00H/MMT/00_1.jpg,693185,98
image_resized/K/00H/MMT/00_2.jpg,693185,98
image_resized/K/00H/MMT/00_3.jpg,693185,98
image_resized/K/00H/MMT/00_4.jpg,693185,98
image_resized/K/00J/3QY/00_1.jpg,711788,98
image_resized/K/00J/3QY/00_2.jpg,711788,98
image_resized/K/00J/3QY/00_3.jpg,711788,98
image_resized/K/00J/3QY/00_4.jpg,711788,98
image_resized/K/00N/2MB/00_1.jpg,867725,98
image_resized/K/00N/2MB/00_2.jpg,867725,98
image_resized/K/00N/2MB/00_3.jpg,867725,98
image_resized/K/00N/2MB/00_4.jpg,867725,98
image_resized/K/00N/2MC/00_1.jpg,867726,98
image_resized/K/00N/2MC/00_2.jpg,867726,98
image_resized/K/00N/2MC/00_3.jpg,867726,98
image_resized/K/00N/2MC/00_4.jpg,867726,98
image_resized/E/00N/NDH/00_1.jpg,890579,98
image_resized/E/00N/NDH/00_2.jpg,890579,98
image_resized/E/00L/ZXM/00_1.jpg,1015846,98
image_resized/E/00L/ZXM/00_2.jpg,1015846,98
image_resized/E/00L/ZXM/00_3.jpg,1015846,98
image_resized/K/00P/EL6/00_1.jpg,920862,98
image_resized/K/00P/EL6/00_2.jpg,920862,98
image_resized/K/00P/EL6/00_3.jpg,920862,98
image_resized/K/00P/EL7/00_1.jpg,920863,98
image_resized/K/00P/EL7/00_2.jpg,920863,98
image_resized/K/00P/EL7/00_3.jpg,920863,98
image_resized/K/00P/SQX/00_1.jpg,934895,98
image_resized/K/00P/SQX/00_2.jpg,934895,98
image_resized/K/00P/SQX/00_3.jpg,934895,98
image_resized/K/00P/SQX/00_4.jpg,934895,98
image_resized/K/00P/SQY/00_1.jpg,934896,98
image_resized/K/00P/SQY/00_2.jpg,934896,98
image_resized/K/00P/SQY/00_3.jpg,934896,98
image_resized/K/00M/QAL/00_1.jpg,853488,98
image_resized/K/00M/QAL/00_2.jpg,853488,98
image_resized/K/00M/QAL/00_3.jpg,853488,98
image_resized/K/00M/QAM/00_1.jpg,853489,98
image_resized/K/00M/QAM/00_2.jpg,853489,98
image_resized/K/00M/QAM/00_3.jpg,853489,98
image_resized/K/00L/ZXM/00_1.jpg,1015846,98
image_resized/K/00L/ZXM/00_2.jpg,1015846,98
image_resized/K/00L/ZXM/00_3.jpg,1015846,98
image_resized/K/00L/ZXU/00_1.jpg,1015847,98
image_resized/K/00L/ZXU/00_2.jpg,1015847,98
image_resized/K/00L/ZXU/00_3.jpg,1015847,98
image_resized/K/00N/7F8/00_1.jpg,873298,98
image_resized/K/00N/7F8/00_2.jpg,873298,98
image_resized/K/00N/7F8/00_3.jpg,873298,98
image_resized/K/00N/7F8/00_4.jpg,873298,98
image_resized/K/00N/7F9/00_1.jpg,873299,98
image_resized/K/00N/7F9/00_2.jpg,873299,98
image_resized/K/00N/7F9/00_3.jpg,873299,98
image_resized/K/00N/7F9/00_4.jpg,873299,98
image_resized/K/00H/Z18/02_1.jpg,706358,98
image_resized/K/00H/Z18/02_2.jpg,706358,98
image_resized/K/00H/Z18/02_3.jpg,706358,98
image_resized/K/00H/MMT/01_1.jpg,693185,98
image_resized/K/00H/MMT/01_2.jpg,693185,98
image_resized/K/00T/433/00_1.jpg,1065937,98
image_resized/K/00T/433/00_2.jpg,1065937,98
image_resized/K/00U/12A/00_1.jpg,1101746,98
image_resized/K/00U/12A/00_2.jpg,1101746,98
image_resized/K/00U/129/00_1.jpg,1101745,98
image_resized/K/00U/129/00_2.jpg,1101745,98
image_resized/K/00R/USA/00_1.jpg,1015862,98
image_resized/K/00R/USA/00_2.jpg,1015862,98
image_resized/K/001/35D/05_1.jpg,42955,106
image_resized/K/001/35D/05_2.jpg,42955,106
image_resized/K/001/35D/05_3.jpg,42955,106
image_resized/K/001/F1A/05_1.jpg,56688,106
image_resized/K/001/F1A/05_2.jpg,56688,106
image_resized/K/001/P46/02_1.jpg,66034,106
image_resized/K/001/P46/02_2.jpg,66034,106
image_resized/K/001/P46/02_3.jpg,66034,106
image_resized/K/001/S09/06_1.jpg,69369,106
image_resized/K/001/TWZ/01_1.jpg,71569,106
image_resized/K/001/TWZ/01_2.jpg,71569,106
image_resized/K/001/TWZ/01_3.jpg,71569,106
image_resized/K/001/YW3/04_1.jpg,77319,106
image_resized/K/001/YW3/04_4.jpg,77319,106
image_resized/K/001/YW3/04_5.jpg,77319,106
image_resized/K/001/YW3/06_1.jpg,77319,106
image_resized/K/001/YW3/06_2.jpg,77319,106
image_resized/K/001/YW3/06_3.jpg,77319,106
image_resized/K/002/2AW/01_1.jpg,81290,106
image_resized/K/002/2AW/01_2.jpg,81290,106
image_resized/K/002/2AW/02_1.jpg,81290,106
image_resized/K/002/2AW/02_2.jpg,81290,106
image_resized/K/002/2AW/03_1.jpg,81290,106
image_resized/K/002/2AW/03_2.jpg,81290,106
image_resized/K/002/2AW/04_1.jpg,81290,106
image_resized/K/002/2AW/04_2.jpg,81290,106
image_resized/K/002/RWQ/03_1.jpg,108552,106
image_resized/K/002/RWQ/03_2.jpg,108552,106
image_resized/K/002/RWQ/03_3.jpg,108552,106
image_resized/K/004/ZJ1/01_1.jpg,195977,106
image_resized/K/004/ZJ1/02_1.jpg,195977,106
image_resized/K/005/0EP/01_1.jpg,197019,106
image_resized/K/005/0EP/01_2.jpg,197019,106
image_resized/K/005/0EP/01_3.jpg,197019,106
image_resized/K/005/0EP/02_1.jpg,197019,106
image_resized/K/005/0EP/02_2.jpg,197019,106
image_resized/K/005/0EP/02_3.jpg,197019,106
image_resized/K/008/KXQ/01_1.jpg,337474,106
image_resized/K/008/KXQ/01_2.jpg,337474,106
image_resized/K/008/KXQ/02_1.jpg,337474,106
image_resized/K/008/KXQ/02_2.jpg,337474,106
image_resized/K/008/KXQ/03_1.jpg,337474,106
image_resized/K/008/KXQ/03_2.jpg,337474,106
image_resized/K/008/KXQ/04_1.jpg,337474,106
image_resized/K/008/KXQ/04_2.jpg,337474,106
image_resized/K/009/307/03_1.jpg,357211,106
image_resized/K/009/307/03_2.jpg,357211,106
image_resized/K/009/307/04_1.jpg,357211,106
image_resized/K/009/307/04_2.jpg,357211,106
image_resized/K/009/LUY/01_1.jpg,377840,106
image_resized/K/009/LUY/01_2.jpg,377840,106
image_resized/K/001/S09/08_1.jpg,69369,106
image_resized/K/001/S09/08_2.jpg,69369,106
image_resized/K/001/S09/08_3.jpg,69369,106
image_resized/K/006/B0N/07_1.jpg,248562,106
image_resized/K/006/B0N/07_2.jpg,248562,106
image_resized/K/006/B0N/07_3.jpg,248562,106
image_resized/K/006/B0N/08_1.jpg,248562,106
image_resized/K/006/B0N/08_2.jpg,248562,106
image_resized/K/006/B0N/08_3.jpg,248562,106
image_resized/K/00B/ZFN/00_1.jpg,1236224,106
image_resized/K/00B/ZFN/00_2.jpg,1236224,106
image_resized/K/00B/ZFN/00_3.jpg,1236224,106
image_resized/K/00C/0VV/00_1.jpg,472663,106
image_resized/K/00C/0VV/00_2.jpg,472663,106
image_resized/K/00C/0VV/00_3.jpg,472663,106
image_resized/K/00C/0VV/00_4.jpg,472663,106
image_resized/K/006/B0N/09_1.jpg,248562,106
image_resized/K/006/B0N/09_2.jpg,248562,106
image_resized/K/006/B0N/09_3.jpg,248562,106
image_resized/K/00C/6SE/00_1.jpg,479482,106
image_resized/K/00C/6SE/00_2.jpg,479482,106
image_resized/K/00C/6SE/00_3.jpg,479482,106
image_resized/K/00B/ZFN/01_1.jpg,1236224,106
image_resized/K/00B/ZFN/01_2.jpg,1236224,106
image_resized/K/00B/ZFN/01_3.jpg,1236224,106
image_resized/K/00C/PLU/00_1.jpg,498944,106
image_resized/K/00C/PLU/00_2.jpg,498944,106
image_resized/K/00C/PLU/00_3.jpg,498944,106
image_resized/K/00J/C19/00_1.jpg,721387,106
image_resized/K/00J/C19/00_2.jpg,721387,106
image_resized/K/00J/C19/00_3.jpg,721387,106
image_resized/K/00J/C19/00_4.jpg,721387,106
image_resized/K/00J/JWB/00_1.jpg,729311,106
image_resized/K/00J/JWB/00_2.jpg,729311,106
image_resized/K/00J/JWB/00_3.jpg,729311,106
image_resized/K/00J/JWB/00_4.jpg,729311,106
image_resized/K/002/DG1/03_1.jpg,94181,106
image_resized/K/002/DG1/03_2.jpg,94181,106
image_resized/K/002/DG1/03_3.jpg,94181,106
image_resized/K/002/DG1/03_4.jpg,94181,106
image_resized/K/002/DG1/03_5.jpg,94181,106
image_resized/K/00M/E2Q/00_1.jpg,841660,106
image_resized/K/00M/E2Q/00_2.jpg,841660,106
image_resized/K/00M/E2Q/00_3.jpg,841660,106
image_resized/K/00M/E2Q/00_4.jpg,841660,106
image_resized/K/00M/R69/00_1.jpg,854497,106
image_resized/K/00M/R69/00_2.jpg,854497,106
image_resized/K/00M/R69/00_3.jpg,854497,106
image_resized/K/00M/R69/00_4.jpg,854497,106
image_resized/K/00R/2HG/00_1.jpg,985506,146
image_resized/K/00R/2HG/00_2.jpg,985506,146
image_resized/K/00S/JW7/00_1.jpg,1043739,146
image_resized/K/00S/JW8/00_1.jpg,1043740,146
image_resized/K/00S/JW8/00_2.jpg,1043740,146
image_resized/K/00N/FRP/03_1.jpg,882901,148
image_resized/K/00N/FRP/07_1.jpg,882901,148
image_resized/K/00N/FRP/07_2.jpg,882901,148
image_resized/K/00N/FRQ/07_1.jpg,882902,148
image_resized/K/00N/FRQ/07_2.jpg,882902,148
image_resized/K/00N/FRQ/07_3.jpg,882902,148
image_resized/K/00N/FRQ/07_4.jpg,882902,148
image_resized/K/00U/K0E/00_1.jpg,1122490,148
image_resized/K/00U/K0E/00_2.jpg,1122490,148
image_resized/K/00U/K0E/00_3.jpg,1122490,148
image_resized/K/00U/K0E/00_4.jpg,1122490,148
image_resized/K/00N/FRP/0C_1.jpg,882901,148
image_resized/K/00N/FRP/0C_2.jpg,882901,148
image_resized/K/00N/FRP/0C_3.jpg,882901,148
image_resized/K/00N/FRP/0C_4.jpg,882901,148
image_resized/K/00N/FRQ/0A_1.jpg,882902,148
image_resized/K/00N/FRQ/0A_2.jpg,882902,148
image_resized/K/00N/FRQ/0A_3.jpg,882902,148
image_resized/K/00N/FRQ/0A_4.jpg,882902,148
image_resized/K/00N/FRQ/0A_5.jpg,882902,148
image_resized/K/00N/FRP/0E_1.jpg,882901,148
image_resized/K/00N/FRP/0E_2.jpg,882901,148
image_resized/K/00N/FRP/0E_3.jpg,882901,148
image_resized/K/00N/FRP/0E_4.jpg,882901,148
image_resized/K/00P/PJK/01_1.jpg,931211,148
image_resized/K/00P/PJK/01_2.jpg,931211,148
image_resized/K/00P/PJK/01_3.jpg,931211,148
image_resized/K/00P/PJK/01_4.jpg,931211,148
image_resized/K/00P/PJK/01_5.jpg,931211,148
image_resized/K/00P/PJK/01_6.jpg,931211,148
image_resized/K/00P/PJK/01_7.jpg,931211,148
image_resized/K/00P/PJK/01_8.jpg,931211,148
image_resized/K/00P/PJH/05_1.jpg,931209,148
image_resized/K/00P/PJH/05_2.jpg,931209,148
image_resized/K/00P/PJH/05_3.jpg,931209,148
image_resized/K/00P/PJH/05_4.jpg,931209,148
image_resized/K/00P/PJH/05_5.jpg,931209,148
image_resized/K/00P/PJH/05_6.jpg,931209,148
image_resized/K/00P/PJH/05_7.jpg,931209,148
image_resized/K/00U/K0D/01_1.jpg,1122489,148
image_resized/K/00U/K0D/01_2.jpg,1122489,148
image_resized/K/00U/K0D/01_3.jpg,1122489,148
image_resized/K/00U/K0D/01_4.jpg,1122489,148
image_resized/K/00P/PJH/06_1.jpg,931209,148
image_resized/K/00P/PJH/06_2.jpg,931209,148
image_resized/K/00P/PJH/06_3.jpg,931209,148
image_resized/K/00P/PJH/06_4.jpg,931209,148
image_resized/K/00P/PJH/06_5.jpg,931209,148
image_resized/K/00N/FRQ/0C_1.jpg,882902,148
image_resized/K/00N/FRQ/0C_2.jpg,882902,148
image_resized/K/00N/FRQ/0C_3.jpg,882902,148
image_resized/K/00N/FRQ/0C_4.jpg,882902,148
image_resized/K/00N/FRQ/0C_5.jpg,882902,148
image_resized/K/00P/PJH/07_1.jpg,931209,148
image_resized/K/00P/PJH/07_2.jpg,931209,148
image_resized/K/00P/PJH/07_3.jpg,931209,148
image_resized/K/00P/PJH/07_4.jpg,931209,148
image_resized/K/00P/PJH/07_5.jpg,931209,148
image_resized/K/00P/PJH/07_6.jpg,931209,148
image_resized/K/00P/PJH/08_1.jpg,931209,148
image_resized/K/00P/PJH/08_2.jpg,931209,148
image_resized/K/00P/PJH/08_3.jpg,931209,148
image_resized/K/00P/PJH/08_4.jpg,931209,148
image_resized/K/00P/PJH/08_5.jpg,931209,148
image_resized/K/00P/PJH/08_6.jpg,931209,148
image_resized/K/00P/PJH/09_1.jpg,931209,148
image_resized/K/00P/PJH/09_2.jpg,931209,148
image_resized/K/00P/PJH/09_3.jpg,931209,148
image_resized/K/00P/PJH/09_4.jpg,931209,148
image_resized/K/00P/PJH/09_5.jpg,931209,148
image_resized/K/00P/PJH/09_6.jpg,931209,148
image_resized/K/00P/PJH/09_7.jpg,931209,148
image_resized/K/00P/PJH/09_8.jpg,931209,148
image_resized/K/00N/FRQ/0E_1.jpg,882902,148
image_resized/K/00N/FRQ/0E_2.jpg,882902,148
image_resized/K/00N/FRQ/0E_3.jpg,882902,148
image_resized/K/00N/FRQ/0E_4.jpg,882902,148
image_resized/K/00N/FRQ/0E_5.jpg,882902,148
image_resized/K/00P/PJJ/06_1.jpg,931210,148
image_resized/K/00P/PJJ/06_2.jpg,931210,148
image_resized/K/00P/PJJ/06_3.jpg,931210,148
image_resized/K/00P/PJJ/06_4.jpg,931210,148
image_resized/K/00P/PJJ/06_5.jpg,931210,148
image_resized/K/00P/PJJ/06_6.jpg,931210,148
image_resized/K/00P/PJJ/06_7.jpg,931210,148
image_resized/K/00P/PJJ/06_8.jpg,931210,148
image_resized/K/00P/PJJ/07_1.jpg,931210,148
image_resized/K/00P/PJJ/07_2.jpg,931210,148
image_resized/K/00P/PJJ/07_3.jpg,931210,148
image_resized/K/00P/PJJ/07_4.jpg,931210,148
image_resized/K/00P/PJJ/07_5.jpg,931210,148
image_resized/K/00P/PJJ/07_6.jpg,931210,148
image_resized/K/00P/PJJ/07_7.jpg,931210,148
image_resized/K/00P/PJJ/08_1.jpg,931210,148
image_resized/K/00P/PJJ/08_2.jpg,931210,148
image_resized/K/00P/PJJ/08_3.jpg,931210,148
image_resized/K/00P/PJJ/08_4.jpg,931210,148
image_resized/K/00P/PJJ/08_5.jpg,931210,148
image_resized/K/00P/PJJ/08_6.jpg,931210,148
image_resized/K/00P/PJJ/08_7.jpg,931210,148
image_resized/K/001/9D4/08_1.jpg,50154,153
image_resized/K/001/9D4/08_10.jpg,50154,153
image_resized/K/001/9D4/08_11.jpg,50154,153
image_resized/K/001/9D4/08_12.jpg,50154,153
image_resized/K/001/9D4/08_13.jpg,50154,153
image_resized/K/001/9D4/08_14.jpg,50154,153
image_resized/K/001/9D4/08_15.jpg,50154,153
image_resized/K/001/9D4/08_16.jpg,50154,153
image_resized/K/001/9D4/08_17.jpg,50154,153
image_resized/K/001/9D4/08_18.jpg,50154,153
image_resized/K/001/9D4/08_19.jpg,50154,153
image_resized/K/001/9D4/08_2.jpg,50154,153
image_resized/K/001/9D4/08_20.jpg,50154,153
image_resized/K/001/9D4/08_21.jpg,50154,153
image_resized/K/001/9D4/08_22.jpg,50154,153
image_resized/K/001/9D4/08_23.jpg,50154,153
image_resized/K/001/9D4/08_24.jpg,50154,153
image_resized/K/001/9D4/08_3.jpg,50154,153
image_resized/K/001/9D4/08_4.jpg,50154,153
image_resized/K/001/9D4/08_5.jpg,50154,153
image_resized/K/001/9D4/08_6.jpg,50154,153
image_resized/K/001/9D4/08_7.jpg,50154,153
image_resized/K/001/9D4/08_8.jpg,50154,153
image_resized/K/001/9D4/08_9.jpg,50154,153
image_resized/K/001/Z03/05_1.jpg,77455,153
image_resized/K/001/Z03/05_2.jpg,77455,153
image_resized/K/002/CUJ/07_1.jpg,93450,153
image_resized/K/002/CUJ/07_2.jpg,93450,153
image_resized/K/002/CUJ/07_3.jpg,93450,153
image_resized/K/002/CUJ/07_4.jpg,93450,153
image_resized/K/002/CUJ/07_7.jpg,93450,153
image_resized/K/002/CUJ/07_8.jpg,93450,153
image_resized/K/002/CUJ/07_9.jpg,93450,153
image_resized/K/003/EJ7/04_1.jpg,134715,153
image_resized/K/003/EJ7/04_2.jpg,134715,153
image_resized/K/003/EJ7/04_3.jpg,134715,153
image_resized/K/003/EJ7/04_4.jpg,134715,153
image_resized/K/003/EJ7/04_5.jpg,134715,153
image_resized/K/004/4TA/08_1.jpg,162768,153
image_resized/K/004/4TA/08_11.jpg,162768,153
image_resized/K/004/4TA/08_12.jpg,162768,153
image_resized/K/004/4TA/08_13.jpg,162768,153
image_resized/K/004/4TA/08_14.jpg,162768,153
image_resized/K/004/4TA/08_2.jpg,162768,153
image_resized/K/004/4TA/08_3.jpg,162768,153
image_resized/K/004/4TA/08_4.jpg,162768,153
image_resized/K/004/4TA/08_5.jpg,162768,153
image_resized/K/004/4TA/08_6.jpg,162768,153
image_resized/K/004/4TA/08_7.jpg,162768,153
image_resized/K/004/4TA/08_8.jpg,162768,153
image_resized/K/005/146/01_1.jpg,490526,153
image_resized/K/005/146/01_10.jpg,490526,153
image_resized/K/005/146/01_13.jpg,490526,153
image_resized/K/005/146/01_14.jpg,490526,153
image_resized/K/005/146/01_15.jpg,490526,153
image_resized/K/005/146/01_16.jpg,490526,153
image_resized/K/005/146/01_2.jpg,490526,153
image_resized/K/005/146/01_3.jpg,490526,153
image_resized/K/005/146/01_4.jpg,490526,153
image_resized/K/005/146/01_5.jpg,490526,153
image_resized/K/005/146/01_6.jpg,490526,153
image_resized/K/005/146/01_7.jpg,490526,153
image_resized/K/005/146/01_8.jpg,490526,153
image_resized/K/005/146/01_9.jpg,490526,153
image_resized/K/005/146/02_1.jpg,490526,153
image_resized/K/005/146/02_2.jpg,490526,153
image_resized/K/005/146/02_5.jpg,490526,153
image_resized/K/005/146/02_6.jpg,490526,153
image_resized/K/005/146/02_7.jpg,490526,153
image_resized/K/005/146/02_8.jpg,490526,153
image_resized/K/005/146/02_9.jpg,490526,153
image_resized/K/006/EWB/01_1.jpg,491745,153
image_resized/K/006/EWB/01_2.jpg,491745,153
image_resized/K/006/EWB/01_5.jpg,491745,153
image_resized/K/006/EWB/01_6.jpg,491745,153
image_resized/K/009/PLQ/03_1.jpg,381028,153
image_resized/K/009/PLQ/03_10.jpg,381028,153
image_resized/K/009/PLQ/03_11.jpg,381028,153
image_resized/K/009/PLQ/03_2.jpg,381028,153
image_resized/K/009/PLQ/03_3.jpg,381028,153
image_resized/K/009/PLQ/03_4.jpg,381028,153
image_resized/K/009/PLQ/03_5.jpg,381028,153
image_resized/K/009/PLQ/03_6.jpg,381028,153
image_resized/K/009/PLQ/03_9.jpg,381028,153
image_resized/K/001/WE4/07_1.jpg,74464,153
image_resized/K/001/WE4/07_10.jpg,74464,153
image_resized/K/001/WE4/07_11.jpg,74464,153
image_resized/K/001/WE4/07_12.jpg,74464,153
image_resized/K/001/WE4/07_13.jpg,74464,153
image_resized/K/001/WE4/07_2.jpg,74464,153
image_resized/K/001/WE4/07_3.jpg,74464,153
image_resized/K/001/WE4/07_4.jpg,74464,153
image_resized/K/001/WE4/07_5.jpg,74464,153
image_resized/K/001/WE4/07_6.jpg,74464,153
image_resized/K/001/WE4/07_9.jpg,74464,153
image_resized/K/001/6ZG/0A_1.jpg,128537,153
image_resized/K/001/6ZG/0A_12.jpg,128537,153
image_resized/K/001/6ZG/0A_13.jpg,128537,153
image_resized/K/001/6ZG/0A_14.jpg,128537,153
image_resized/K/001/6ZG/0A_15.jpg,128537,153
